Build Linux	Set up job	﻿2026-02-21T16:17:35.5231959Z Current runner version: '2.331.0'
Build Linux	Set up job	2026-02-21T16:17:35.5256795Z ##[group]Runner Image Provisioner
Build Linux	Set up job	2026-02-21T16:17:35.5257710Z Hosted Compute Agent
Build Linux	Set up job	2026-02-21T16:17:35.5258272Z Version: 20260123.484
Build Linux	Set up job	2026-02-21T16:17:35.5258944Z Commit: 6bd6555ca37d84114959e1c76d2c01448ff61c5d
Build Linux	Set up job	2026-02-21T16:17:35.5259650Z Build Date: 2026-01-23T19:41:17Z
Build Linux	Set up job	2026-02-21T16:17:35.5260283Z Worker ID: {8f6603e0-9b44-4483-a9d5-d1d8b27e8b18}
Build Linux	Set up job	2026-02-21T16:17:35.5261093Z Azure Region: westus
Build Linux	Set up job	2026-02-21T16:17:35.5261606Z ##[endgroup]
Build Linux	Set up job	2026-02-21T16:17:35.5263232Z ##[group]Operating System
Build Linux	Set up job	2026-02-21T16:17:35.5263951Z Ubuntu
Build Linux	Set up job	2026-02-21T16:17:35.5264404Z 24.04.3
Build Linux	Set up job	2026-02-21T16:17:35.5264867Z LTS
Build Linux	Set up job	2026-02-21T16:17:35.5265328Z ##[endgroup]
Build Linux	Set up job	2026-02-21T16:17:35.5265886Z ##[group]Runner Image
Build Linux	Set up job	2026-02-21T16:17:35.5266402Z Image: ubuntu-24.04
Build Linux	Set up job	2026-02-21T16:17:35.5266947Z Version: 20260201.15.1
Build Linux	Set up job	2026-02-21T16:17:35.5267934Z Included Software: https://github.com/actions/runner-images/blob/ubuntu24/20260201.15/images/ubuntu/Ubuntu2404-Readme.md
Build Linux	Set up job	2026-02-21T16:17:35.5269657Z Image Release: https://github.com/actions/runner-images/releases/tag/ubuntu24%2F20260201.15
Build Linux	Set up job	2026-02-21T16:17:35.5270528Z ##[endgroup]
Build Linux	Set up job	2026-02-21T16:17:35.5271576Z ##[group]GITHUB_TOKEN Permissions
Build Linux	Set up job	2026-02-21T16:17:35.5274107Z Contents: read
Build Linux	Set up job	2026-02-21T16:17:35.5274679Z Metadata: read
Build Linux	Set up job	2026-02-21T16:17:35.5275174Z Packages: read
Build Linux	Set up job	2026-02-21T16:17:35.5275785Z ##[endgroup]
Build Linux	Set up job	2026-02-21T16:17:35.5277873Z Secret source: Actions
Build Linux	Set up job	2026-02-21T16:17:35.5278600Z Prepare workflow directory
Build Linux	Set up job	2026-02-21T16:17:35.5598370Z Prepare all required actions
Build Linux	Set up job	2026-02-21T16:17:35.5645425Z Getting action download info
Build Linux	Set up job	2026-02-21T16:17:35.9977900Z Download action repository 'actions/checkout@v4' (SHA:34e114876b0b11c390a56381ad16ebd13914f8d5)
Build Linux	Set up job	2026-02-21T16:17:36.4816507Z Download action repository 'actions/upload-artifact@v4' (SHA:ea165f8d65b6e75b540449e92b4886f43607fa02)
Build Linux	Set up job	2026-02-21T16:17:36.7682313Z Complete job name: Build Linux
Build Linux	Checkout	﻿2026-02-21T16:17:36.8420886Z ##[group]Run actions/checkout@v4
Build Linux	Checkout	2026-02-21T16:17:36.8422246Z with:
Build Linux	Checkout	2026-02-21T16:17:36.8422784Z   repository: altarofwisdom/sonobus
Build Linux	Checkout	2026-02-21T16:17:36.8423605Z   token: ***
Build Linux	Checkout	2026-02-21T16:17:36.8424041Z   ssh-strict: true
Build Linux	Checkout	2026-02-21T16:17:36.8424478Z   ssh-user: git
Build Linux	Checkout	2026-02-21T16:17:36.8424950Z   persist-credentials: true
Build Linux	Checkout	2026-02-21T16:17:36.8425447Z   clean: true
Build Linux	Checkout	2026-02-21T16:17:36.8425879Z   sparse-checkout-cone-mode: true
Build Linux	Checkout	2026-02-21T16:17:36.8426422Z   fetch-depth: 1
Build Linux	Checkout	2026-02-21T16:17:36.8426865Z   fetch-tags: false
Build Linux	Checkout	2026-02-21T16:17:36.8427317Z   show-progress: true
Build Linux	Checkout	2026-02-21T16:17:36.8427793Z   lfs: false
Build Linux	Checkout	2026-02-21T16:17:36.8428221Z   submodules: false
Build Linux	Checkout	2026-02-21T16:17:36.8428672Z   set-safe-directory: true
Build Linux	Checkout	2026-02-21T16:17:36.8429471Z ##[endgroup]
Build Linux	Checkout	2026-02-21T16:17:36.9541282Z Syncing repository: altarofwisdom/sonobus
Build Linux	Checkout	2026-02-21T16:17:36.9543609Z ##[group]Getting Git version info
Build Linux	Checkout	2026-02-21T16:17:36.9544403Z Working directory is '/home/runner/work/sonobus/sonobus'
Build Linux	Checkout	2026-02-21T16:17:36.9545446Z [command]/usr/bin/git version
Build Linux	Checkout	2026-02-21T16:17:37.0802959Z git version 2.52.0
Build Linux	Checkout	2026-02-21T16:17:37.0831469Z ##[endgroup]
Build Linux	Checkout	2026-02-21T16:17:37.0848791Z Temporarily overriding HOME='/home/runner/work/_temp/7acdaec7-19e4-4825-9d1a-12410821faf3' before making global git config changes
Build Linux	Checkout	2026-02-21T16:17:37.0851589Z Adding repository directory to the temporary git global config as a safe directory
Build Linux	Checkout	2026-02-21T16:17:37.0864287Z [command]/usr/bin/git config --global --add safe.directory /home/runner/work/sonobus/sonobus
Build Linux	Checkout	2026-02-21T16:17:37.0967653Z Deleting the contents of '/home/runner/work/sonobus/sonobus'
Build Linux	Checkout	2026-02-21T16:17:37.0972164Z ##[group]Initializing the repository
Build Linux	Checkout	2026-02-21T16:17:37.0977168Z [command]/usr/bin/git init /home/runner/work/sonobus/sonobus
Build Linux	Checkout	2026-02-21T16:17:37.1696206Z hint: Using 'master' as the name for the initial branch. This default branch name
Build Linux	Checkout	2026-02-21T16:17:37.1697879Z hint: will change to "main" in Git 3.0. To configure the initial branch name
Build Linux	Checkout	2026-02-21T16:17:37.1699224Z hint: to use in all of your new repositories, which will suppress this warning,
Build Linux	Checkout	2026-02-21T16:17:37.1700619Z hint: call:
Build Linux	Checkout	2026-02-21T16:17:37.1701127Z hint:
Build Linux	Checkout	2026-02-21T16:17:37.1702048Z hint: 	git config --global init.defaultBranch <name>
Build Linux	Checkout	2026-02-21T16:17:37.1702922Z hint:
Build Linux	Checkout	2026-02-21T16:17:37.1703659Z hint: Names commonly chosen instead of 'master' are 'main', 'trunk' and
Build Linux	Checkout	2026-02-21T16:17:37.1704775Z hint: 'development'. The just-created branch can be renamed via this command:
Build Linux	Checkout	2026-02-21T16:17:37.1705650Z hint:
Build Linux	Checkout	2026-02-21T16:17:37.1706110Z hint: 	git branch -m <name>
Build Linux	Checkout	2026-02-21T16:17:37.1706632Z hint:
Build Linux	Checkout	2026-02-21T16:17:37.1707352Z hint: Disable this message with "git config set advice.defaultBranchName false"
Build Linux	Checkout	2026-02-21T16:17:37.1753096Z Initialized empty Git repository in /home/runner/work/sonobus/sonobus/.git/
Build Linux	Checkout	2026-02-21T16:17:37.1766632Z [command]/usr/bin/git remote add origin https://github.com/altarofwisdom/sonobus
Build Linux	Checkout	2026-02-21T16:17:37.1878115Z ##[endgroup]
Build Linux	Checkout	2026-02-21T16:17:37.1879057Z ##[group]Disabling automatic garbage collection
Build Linux	Checkout	2026-02-21T16:17:37.1882409Z [command]/usr/bin/git config --local gc.auto 0
Build Linux	Checkout	2026-02-21T16:17:37.1910979Z ##[endgroup]
Build Linux	Checkout	2026-02-21T16:17:37.1911978Z ##[group]Setting up auth
Build Linux	Checkout	2026-02-21T16:17:37.1917995Z [command]/usr/bin/git config --local --name-only --get-regexp core\.sshCommand
Build Linux	Checkout	2026-02-21T16:17:37.1947637Z [command]/usr/bin/git submodule foreach --recursive sh -c "git config --local --name-only --get-regexp 'core\.sshCommand' && git config --local --unset-all 'core.sshCommand' || :"
Build Linux	Checkout	2026-02-21T16:17:37.4202554Z [command]/usr/bin/git config --local --name-only --get-regexp http\.https\:\/\/github\.com\/\.extraheader
Build Linux	Checkout	2026-02-21T16:17:37.4233334Z [command]/usr/bin/git submodule foreach --recursive sh -c "git config --local --name-only --get-regexp 'http\.https\:\/\/github\.com\/\.extraheader' && git config --local --unset-all 'http.https://github.com/.extraheader' || :"
Build Linux	Checkout	2026-02-21T16:17:37.4446144Z [command]/usr/bin/git config --local --name-only --get-regexp ^includeIf\.gitdir:
Build Linux	Checkout	2026-02-21T16:17:37.4477428Z [command]/usr/bin/git submodule foreach --recursive git config --local --show-origin --name-only --get-regexp remote.origin.url
Build Linux	Checkout	2026-02-21T16:17:37.4701263Z [command]/usr/bin/git config --local http.https://github.com/.extraheader AUTHORIZATION: basic ***
Build Linux	Checkout	2026-02-21T16:17:37.4735721Z ##[endgroup]
Build Linux	Checkout	2026-02-21T16:17:37.4737773Z ##[group]Fetching the repository
Build Linux	Checkout	2026-02-21T16:17:37.4747714Z [command]/usr/bin/git -c protocol.version=2 fetch --no-tags --prune --no-recurse-submodules --depth=1 origin +3e3aa1f665f0e61e24f5bffcffca9ba5c7771f96:refs/remotes/origin/aoofreshest
Build Linux	Checkout	2026-02-21T16:17:40.3598308Z From https://github.com/altarofwisdom/sonobus
Build Linux	Checkout	2026-02-21T16:17:40.3599653Z  * [new ref]         3e3aa1f665f0e61e24f5bffcffca9ba5c7771f96 -> origin/aoofreshest
Build Linux	Checkout	2026-02-21T16:17:40.3766215Z ##[endgroup]
Build Linux	Checkout	2026-02-21T16:17:40.3766710Z ##[group]Determining the checkout info
Build Linux	Checkout	2026-02-21T16:17:40.3768586Z ##[endgroup]
Build Linux	Checkout	2026-02-21T16:17:40.3773940Z [command]/usr/bin/git sparse-checkout disable
Build Linux	Checkout	2026-02-21T16:17:40.3872585Z [command]/usr/bin/git config --local --unset-all extensions.worktreeConfig
Build Linux	Checkout	2026-02-21T16:17:40.3897723Z ##[group]Checking out the ref
Build Linux	Checkout	2026-02-21T16:17:40.3902341Z [command]/usr/bin/git checkout --progress --force -B aoofreshest refs/remotes/origin/aoofreshest
Build Linux	Checkout	2026-02-21T16:17:41.1727085Z Switched to a new branch 'aoofreshest'
Build Linux	Checkout	2026-02-21T16:17:41.1727943Z branch 'aoofreshest' set up to track 'origin/aoofreshest'.
Build Linux	Checkout	2026-02-21T16:17:41.1771079Z ##[endgroup]
Build Linux	Checkout	2026-02-21T16:17:41.1815952Z [command]/usr/bin/git log -1 --format=%H
Build Linux	Checkout	2026-02-21T16:17:41.1840207Z 3e3aa1f665f0e61e24f5bffcffca9ba5c7771f96
Build Linux	Install Dependencies	﻿2026-02-21T16:17:41.2029907Z ##[group]Run sudo apt update
Build Linux	Install Dependencies	2026-02-21T16:17:41.2030295Z [36;1msudo apt update[0m
Build Linux	Install Dependencies	2026-02-21T16:17:41.2030664Z [36;1msudo apt -y install build-essential cmake libjack-jackd2-dev \[0m
Build Linux	Install Dependencies	2026-02-21T16:17:41.2031162Z [36;1m  libopus-dev opus-tools libasound2-dev libx11-dev libxext-dev \[0m
Build Linux	Install Dependencies	2026-02-21T16:17:41.2031648Z [36;1m  libxinerama-dev libxrandr-dev libxcursor-dev libfreetype6-dev \[0m
Build Linux	Install Dependencies	2026-02-21T16:17:41.2032345Z [36;1m  libcurl4-openssl-dev xvfb[0m
Build Linux	Install Dependencies	2026-02-21T16:17:41.2068583Z shell: /usr/bin/bash -e {0}
Build Linux	Install Dependencies	2026-02-21T16:17:41.2068849Z ##[endgroup]
Build Linux	Install Dependencies	2026-02-21T16:17:41.2660592Z 
Build Linux	Install Dependencies	2026-02-21T16:17:41.2661392Z WARNING: apt does not have a stable CLI interface. Use with caution in scripts.
Build Linux	Install Dependencies	2026-02-21T16:17:41.2662167Z 
Build Linux	Install Dependencies	2026-02-21T16:17:41.3829960Z Get:1 file:/etc/apt/apt-mirrors.txt Mirrorlist [144 B]
Build Linux	Install Dependencies	2026-02-21T16:17:41.3954798Z Get:6 https://packages.microsoft.com/repos/azure-cli noble InRelease [3564 B]
Build Linux	Install Dependencies	2026-02-21T16:17:41.4184797Z Get:7 https://packages.microsoft.com/ubuntu/24.04/prod noble InRelease [3600 B]
Build Linux	Install Dependencies	2026-02-21T16:17:41.4188069Z Hit:2 http://azure.archive.ubuntu.com/ubuntu noble InRelease
Build Linux	Install Dependencies	2026-02-21T16:17:41.4210155Z Get:3 http://azure.archive.ubuntu.com/ubuntu noble-updates InRelease [126 kB]
Build Linux	Install Dependencies	2026-02-21T16:17:41.4238860Z Get:4 http://azure.archive.ubuntu.com/ubuntu noble-backports InRelease [126 kB]
Build Linux	Install Dependencies	2026-02-21T16:17:41.4259425Z Get:5 http://azure.archive.ubuntu.com/ubuntu noble-security InRelease [126 kB]
Build Linux	Install Dependencies	2026-02-21T16:17:41.5339365Z Get:8 https://packages.microsoft.com/repos/azure-cli noble/main amd64 Packages [2129 B]
Build Linux	Install Dependencies	2026-02-21T16:17:41.5861537Z Get:9 https://packages.microsoft.com/ubuntu/24.04/prod noble/main armhf Packages [11.4 kB]
Build Linux	Install Dependencies	2026-02-21T16:17:41.5885339Z Get:10 https://packages.microsoft.com/ubuntu/24.04/prod noble/main all Packages [643 B]
Build Linux	Install Dependencies	2026-02-21T16:17:41.5903642Z Get:11 https://packages.microsoft.com/ubuntu/24.04/prod noble/main amd64 Packages [93.3 kB]
Build Linux	Install Dependencies	2026-02-21T16:17:41.5937371Z Get:12 https://packages.microsoft.com/ubuntu/24.04/prod noble/main arm64 Packages [72.7 kB]
Build Linux	Install Dependencies	2026-02-21T16:17:41.7024683Z Get:13 http://azure.archive.ubuntu.com/ubuntu noble-updates/main amd64 Packages [1771 kB]
Build Linux	Install Dependencies	2026-02-21T16:17:41.7113338Z Get:14 http://azure.archive.ubuntu.com/ubuntu noble-updates/main Translation-en [328 kB]
Build Linux	Install Dependencies	2026-02-21T16:17:41.7137556Z Get:15 http://azure.archive.ubuntu.com/ubuntu noble-updates/main amd64 Components [175 kB]
Build Linux	Install Dependencies	2026-02-21T16:17:41.7158665Z Get:16 http://azure.archive.ubuntu.com/ubuntu noble-updates/main amd64 c-n-f Metadata [16.5 kB]
Build Linux	Install Dependencies	2026-02-21T16:17:41.7185525Z Get:17 http://azure.archive.ubuntu.com/ubuntu noble-updates/universe amd64 Packages [1557 kB]
Build Linux	Install Dependencies	2026-02-21T16:17:41.7272809Z Get:18 http://azure.archive.ubuntu.com/ubuntu noble-updates/universe Translation-en [316 kB]
Build Linux	Install Dependencies	2026-02-21T16:17:41.7294123Z Get:19 http://azure.archive.ubuntu.com/ubuntu noble-updates/universe amd64 Components [386 kB]
Build Linux	Install Dependencies	2026-02-21T16:17:41.7318515Z Get:20 http://azure.archive.ubuntu.com/ubuntu noble-updates/universe amd64 c-n-f Metadata [32.6 kB]
Build Linux	Install Dependencies	2026-02-21T16:17:41.7357061Z Get:21 http://azure.archive.ubuntu.com/ubuntu noble-updates/restricted amd64 Packages [2663 kB]
Build Linux	Install Dependencies	2026-02-21T16:17:41.7588378Z Get:22 http://azure.archive.ubuntu.com/ubuntu noble-updates/restricted Translation-en [613 kB]
Build Linux	Install Dependencies	2026-02-21T16:17:41.8161547Z Get:23 http://azure.archive.ubuntu.com/ubuntu noble-updates/restricted amd64 Components [212 B]
Build Linux	Install Dependencies	2026-02-21T16:17:41.8163206Z Get:24 http://azure.archive.ubuntu.com/ubuntu noble-updates/multiverse amd64 Packages [32.1 kB]
Build Linux	Install Dependencies	2026-02-21T16:17:41.8165817Z Get:25 http://azure.archive.ubuntu.com/ubuntu noble-updates/multiverse Translation-en [7044 B]
Build Linux	Install Dependencies	2026-02-21T16:17:41.8167085Z Get:26 http://azure.archive.ubuntu.com/ubuntu noble-updates/multiverse amd64 Components [940 B]
Build Linux	Install Dependencies	2026-02-21T16:17:41.8171556Z Get:27 http://azure.archive.ubuntu.com/ubuntu noble-backports/main amd64 Components [7284 B]
Build Linux	Install Dependencies	2026-02-21T16:17:41.8180325Z Get:28 http://azure.archive.ubuntu.com/ubuntu noble-backports/universe amd64 Components [10.5 kB]
Build Linux	Install Dependencies	2026-02-21T16:17:41.8187954Z Get:29 http://azure.archive.ubuntu.com/ubuntu noble-backports/restricted amd64 Components [216 B]
Build Linux	Install Dependencies	2026-02-21T16:17:41.8195999Z Get:30 http://azure.archive.ubuntu.com/ubuntu noble-backports/multiverse amd64 Components [212 B]
Build Linux	Install Dependencies	2026-02-21T16:17:41.8206549Z Get:31 http://azure.archive.ubuntu.com/ubuntu noble-security/main amd64 Packages [1474 kB]
Build Linux	Install Dependencies	2026-02-21T16:17:41.8285728Z Get:32 http://azure.archive.ubuntu.com/ubuntu noble-security/main Translation-en [237 kB]
Build Linux	Install Dependencies	2026-02-21T16:17:41.8304246Z Get:33 http://azure.archive.ubuntu.com/ubuntu noble-security/main amd64 Components [21.5 kB]
Build Linux	Install Dependencies	2026-02-21T16:17:41.8314339Z Get:34 http://azure.archive.ubuntu.com/ubuntu noble-security/main amd64 c-n-f Metadata [9892 B]
Build Linux	Install Dependencies	2026-02-21T16:17:41.8323171Z Get:35 http://azure.archive.ubuntu.com/ubuntu noble-security/universe amd64 Packages [935 kB]
Build Linux	Install Dependencies	2026-02-21T16:17:41.8371441Z Get:36 http://azure.archive.ubuntu.com/ubuntu noble-security/universe Translation-en [214 kB]
Build Linux	Install Dependencies	2026-02-21T16:17:41.8827777Z Get:37 http://azure.archive.ubuntu.com/ubuntu noble-security/universe amd64 Components [74.2 kB]
Build Linux	Install Dependencies	2026-02-21T16:17:41.8840743Z Get:38 http://azure.archive.ubuntu.com/ubuntu noble-security/universe amd64 c-n-f Metadata [20.0 kB]
Build Linux	Install Dependencies	2026-02-21T16:17:41.8854785Z Get:39 http://azure.archive.ubuntu.com/ubuntu noble-security/restricted amd64 Packages [2516 kB]
Build Linux	Install Dependencies	2026-02-21T16:17:41.8984668Z Get:40 http://azure.archive.ubuntu.com/ubuntu noble-security/restricted Translation-en [582 kB]
Build Linux	Install Dependencies	2026-02-21T16:17:41.9022520Z Get:41 http://azure.archive.ubuntu.com/ubuntu noble-security/restricted amd64 Components [212 B]
Build Linux	Install Dependencies	2026-02-21T16:17:41.9031348Z Get:42 http://azure.archive.ubuntu.com/ubuntu noble-security/multiverse amd64 Components [212 B]
Build Linux	Install Dependencies	2026-02-21T16:17:51.3634876Z Fetched 14.6 MB in 2s (8148 kB/s)
Build Linux	Install Dependencies	2026-02-21T16:17:52.1440897Z Reading package lists...
Build Linux	Install Dependencies	2026-02-21T16:17:52.3093370Z Building dependency tree...
Build Linux	Install Dependencies	2026-02-21T16:17:52.3100015Z Reading state information...
Build Linux	Install Dependencies	2026-02-21T16:17:52.3241528Z 164 packages can be upgraded. Run 'apt list --upgradable' to see them.
Build Linux	Install Dependencies	2026-02-21T16:17:52.3353041Z 
Build Linux	Install Dependencies	2026-02-21T16:17:52.3353571Z WARNING: apt does not have a stable CLI interface. Use with caution in scripts.
Build Linux	Install Dependencies	2026-02-21T16:17:52.3354133Z 
Build Linux	Install Dependencies	2026-02-21T16:17:52.3483431Z Reading package lists...
Build Linux	Install Dependencies	2026-02-21T16:17:52.5340178Z Building dependency tree...
Build Linux	Install Dependencies	2026-02-21T16:17:52.5347711Z Reading state information...
Build Linux	Install Dependencies	2026-02-21T16:17:52.7022099Z xvfb is already the newest version (2:21.1.12-1ubuntu1.5).
Build Linux	Install Dependencies	2026-02-21T16:17:52.7022831Z The following additional packages will be installed:
Build Linux	Install Dependencies	2026-02-21T16:17:52.7023492Z   bzip2-doc cmake-data libasound2-data libasound2t64 libbrotli-dev libbz2-dev
Build Linux	Install Dependencies	2026-02-21T16:17:52.7024255Z   libflac12t64 libjack-jackd2-0 libjsoncpp25 libopus0 libopusenc0 libopusfile0
Build Linux	Install Dependencies	2026-02-21T16:17:52.7025584Z   libpng-dev libpng-tools libpng16-16t64 libpthread-stubs0-dev librhash0
Build Linux	Install Dependencies	2026-02-21T16:17:52.7026208Z   libsamplerate0 libxau-dev libxcb1-dev libxdmcp-dev libxfixes-dev
Build Linux	Install Dependencies	2026-02-21T16:17:52.7029408Z   libxrender-dev x11proto-dev xorg-sgml-doctools xtrans-dev
Build Linux	Install Dependencies	2026-02-21T16:17:52.7035779Z Suggested packages:
Build Linux	Install Dependencies	2026-02-21T16:17:52.7036367Z   cmake-doc cmake-format elpa-cmake-mode ninja-build alsa-utils libasound2-doc
Build Linux	Install Dependencies	2026-02-21T16:17:52.7037188Z   libasound2-plugins libcurl4-doc libidn-dev libkrb5-dev libldap2-dev
Build Linux	Install Dependencies	2026-02-21T16:17:52.7037913Z   librtmp-dev libssh2-1-dev freetype2-doc jackd2 libx11-doc libxcb-doc
Build Linux	Install Dependencies	2026-02-21T16:17:52.7038461Z   libxext-doc
Build Linux	Install Dependencies	2026-02-21T16:17:52.7038751Z Recommended packages:
Build Linux	Install Dependencies	2026-02-21T16:17:52.7039090Z   alsa-ucm-conf alsa-topology-conf
Build Linux	Install Dependencies	2026-02-21T16:17:52.7702334Z The following NEW packages will be installed:
Build Linux	Install Dependencies	2026-02-21T16:17:52.7703438Z   build-essential bzip2-doc cmake cmake-data libasound2-dev libbrotli-dev
Build Linux	Install Dependencies	2026-02-21T16:17:52.7704640Z   libbz2-dev libcurl4-openssl-dev libflac12t64 libfreetype-dev
Build Linux	Install Dependencies	2026-02-21T16:17:52.7705651Z   libjack-jackd2-0 libjack-jackd2-dev libjsoncpp25 libopus-dev libopus0
Build Linux	Install Dependencies	2026-02-21T16:17:52.7706580Z   libopusenc0 libopusfile0 libpng-dev libpng-tools libpthread-stubs0-dev
Build Linux	Install Dependencies	2026-02-21T16:17:52.7708516Z   librhash0 libsamplerate0 libx11-dev libxau-dev libxcb1-dev libxcursor-dev
Build Linux	Install Dependencies	2026-02-21T16:17:52.7709565Z   libxdmcp-dev libxext-dev libxfixes-dev libxinerama-dev libxrandr-dev
Build Linux	Install Dependencies	2026-02-21T16:17:52.7712039Z   libxrender-dev opus-tools x11proto-dev xorg-sgml-doctools xtrans-dev
Build Linux	Install Dependencies	2026-02-21T16:17:52.7716175Z The following packages will be upgraded:
Build Linux	Install Dependencies	2026-02-21T16:17:52.7721307Z   libasound2-data libasound2t64 libpng16-16t64
Build Linux	Install Dependencies	2026-02-21T16:17:52.7950118Z 3 upgraded, 36 newly installed, 0 to remove and 161 not upgraded.
Build Linux	Install Dependencies	2026-02-21T16:17:52.8234190Z Need to get 20.7 MB of archives.
Build Linux	Install Dependencies	2026-02-21T16:17:52.8234870Z After this operation, 67.9 MB of additional disk space will be used.
Build Linux	Install Dependencies	2026-02-21T16:17:52.8235571Z Get:1 file:/etc/apt/apt-mirrors.txt Mirrorlist [144 B]
Build Linux	Install Dependencies	2026-02-21T16:17:52.9097331Z Get:2 http://azure.archive.ubuntu.com/ubuntu noble-updates/main amd64 libpng16-16t64 amd64 1.6.43-5ubuntu0.5 [188 kB]
Build Linux	Install Dependencies	2026-02-21T16:17:52.9775630Z Get:3 http://azure.archive.ubuntu.com/ubuntu noble/main amd64 build-essential amd64 12.10ubuntu1 [4928 B]
Build Linux	Install Dependencies	2026-02-21T16:17:53.0426493Z Get:4 http://azure.archive.ubuntu.com/ubuntu noble-updates/main amd64 bzip2-doc all 1.0.8-5.1build0.1 [499 kB]
Build Linux	Install Dependencies	2026-02-21T16:17:53.1178138Z Get:5 http://azure.archive.ubuntu.com/ubuntu noble/main amd64 libjsoncpp25 amd64 1.9.5-6build1 [82.8 kB]
Build Linux	Install Dependencies	2026-02-21T16:17:53.1859768Z Get:6 http://azure.archive.ubuntu.com/ubuntu noble/main amd64 librhash0 amd64 1.4.3-3build1 [129 kB]
Build Linux	Install Dependencies	2026-02-21T16:17:53.2523954Z Get:7 http://azure.archive.ubuntu.com/ubuntu noble/main amd64 cmake-data all 3.28.3-1build7 [2155 kB]
Build Linux	Install Dependencies	2026-02-21T16:17:53.3654500Z Get:8 http://azure.archive.ubuntu.com/ubuntu noble/main amd64 cmake amd64 3.28.3-1build7 [11.2 MB]
Build Linux	Install Dependencies	2026-02-21T16:17:53.6621504Z Get:9 http://azure.archive.ubuntu.com/ubuntu noble-updates/main amd64 libasound2t64 amd64 1.2.11-1ubuntu0.2 [398 kB]
Build Linux	Install Dependencies	2026-02-21T16:17:53.7336844Z Get:10 http://azure.archive.ubuntu.com/ubuntu noble-updates/main amd64 libasound2-data all 1.2.11-1ubuntu0.2 [21.3 kB]
Build Linux	Install Dependencies	2026-02-21T16:17:53.7995576Z Get:11 http://azure.archive.ubuntu.com/ubuntu noble-updates/main amd64 libasound2-dev amd64 1.2.11-1ubuntu0.2 [115 kB]
Build Linux	Install Dependencies	2026-02-21T16:17:53.8650633Z Get:12 http://azure.archive.ubuntu.com/ubuntu noble/main amd64 libbrotli-dev amd64 1.1.0-2build2 [353 kB]
Build Linux	Install Dependencies	2026-02-21T16:17:53.9360210Z Get:13 http://azure.archive.ubuntu.com/ubuntu noble-updates/main amd64 libbz2-dev amd64 1.0.8-5.1build0.1 [33.6 kB]
Build Linux	Install Dependencies	2026-02-21T16:17:54.0012804Z Get:14 http://azure.archive.ubuntu.com/ubuntu noble-updates/main amd64 libcurl4-openssl-dev amd64 8.5.0-2ubuntu10.6 [446 kB]
Build Linux	Install Dependencies	2026-02-21T16:17:54.0733083Z Get:15 http://azure.archive.ubuntu.com/ubuntu noble/main amd64 libflac12t64 amd64 1.4.3+ds-2.1ubuntu2 [197 kB]
Build Linux	Install Dependencies	2026-02-21T16:17:54.1408619Z Get:16 http://azure.archive.ubuntu.com/ubuntu noble-updates/main amd64 libpng-dev amd64 1.6.43-5ubuntu0.5 [265 kB]
Build Linux	Install Dependencies	2026-02-21T16:17:54.2093378Z Get:17 http://azure.archive.ubuntu.com/ubuntu noble/main amd64 libfreetype-dev amd64 2.13.2+dfsg-1build3 [575 kB]
Build Linux	Install Dependencies	2026-02-21T16:17:54.2847826Z Get:18 http://azure.archive.ubuntu.com/ubuntu noble/main amd64 libopus0 amd64 1.4-1build1 [208 kB]
Build Linux	Install Dependencies	2026-02-21T16:17:54.3521919Z Get:19 http://azure.archive.ubuntu.com/ubuntu noble/main amd64 libsamplerate0 amd64 0.2.2-4build1 [1344 kB]
Build Linux	Install Dependencies	2026-02-21T16:17:54.4441269Z Get:20 http://azure.archive.ubuntu.com/ubuntu noble/main amd64 libjack-jackd2-0 amd64 1.9.21~dfsg-3ubuntu3 [289 kB]
Build Linux	Install Dependencies	2026-02-21T16:17:54.5129535Z Get:21 http://azure.archive.ubuntu.com/ubuntu noble/main amd64 libjack-jackd2-dev amd64 1.9.21~dfsg-3ubuntu3 [42.9 kB]
Build Linux	Install Dependencies	2026-02-21T16:17:54.5786196Z Get:22 http://azure.archive.ubuntu.com/ubuntu noble/main amd64 libopus-dev amd64 1.4-1build1 [267 kB]
Build Linux	Install Dependencies	2026-02-21T16:17:54.6474299Z Get:23 http://azure.archive.ubuntu.com/ubuntu noble/universe amd64 libopusenc0 amd64 0.2.1-2build1 [25.7 kB]
Build Linux	Install Dependencies	2026-02-21T16:17:54.7127591Z Get:24 http://azure.archive.ubuntu.com/ubuntu noble/universe amd64 libopusfile0 amd64 0.12-4build3 [44.7 kB]
Build Linux	Install Dependencies	2026-02-21T16:17:54.7782696Z Get:25 http://azure.archive.ubuntu.com/ubuntu noble-updates/main amd64 libpng-tools amd64 1.6.43-5ubuntu0.5 [28.5 kB]
Build Linux	Install Dependencies	2026-02-21T16:17:54.8463577Z Get:26 http://azure.archive.ubuntu.com/ubuntu noble/main amd64 libpthread-stubs0-dev amd64 0.4-1build3 [4746 B]
Build Linux	Install Dependencies	2026-02-21T16:17:54.9114086Z Get:27 http://azure.archive.ubuntu.com/ubuntu noble/main amd64 xorg-sgml-doctools all 1:1.11-1.1 [10.9 kB]
Build Linux	Install Dependencies	2026-02-21T16:17:54.9766496Z Get:28 http://azure.archive.ubuntu.com/ubuntu noble/main amd64 x11proto-dev all 2023.2-1 [602 kB]
Build Linux	Install Dependencies	2026-02-21T16:17:55.0537089Z Get:29 http://azure.archive.ubuntu.com/ubuntu noble/main amd64 libxau-dev amd64 1:1.0.9-1build6 [9570 B]
Build Linux	Install Dependencies	2026-02-21T16:17:55.1190782Z Get:30 http://azure.archive.ubuntu.com/ubuntu noble/main amd64 libxdmcp-dev amd64 1:1.1.3-0ubuntu6 [26.5 kB]
Build Linux	Install Dependencies	2026-02-21T16:17:55.1843897Z Get:31 http://azure.archive.ubuntu.com/ubuntu noble/main amd64 xtrans-dev all 1.4.0-1 [68.9 kB]
Build Linux	Install Dependencies	2026-02-21T16:17:55.2500049Z Get:32 http://azure.archive.ubuntu.com/ubuntu noble/main amd64 libxcb1-dev amd64 1.15-1ubuntu2 [85.8 kB]
Build Linux	Install Dependencies	2026-02-21T16:17:55.3218175Z Get:33 http://azure.archive.ubuntu.com/ubuntu noble/main amd64 libx11-dev amd64 2:1.8.7-1build1 [732 kB]
Build Linux	Install Dependencies	2026-02-21T16:17:55.4002358Z Get:34 http://azure.archive.ubuntu.com/ubuntu noble/main amd64 libxrender-dev amd64 1:0.9.10-1.1build1 [26.3 kB]
Build Linux	Install Dependencies	2026-02-21T16:17:55.4654790Z Get:35 http://azure.archive.ubuntu.com/ubuntu noble/main amd64 libxfixes-dev amd64 1:6.0.0-2build1 [12.1 kB]
Build Linux	Install Dependencies	2026-02-21T16:17:55.5310276Z Get:36 http://azure.archive.ubuntu.com/ubuntu noble/main amd64 libxcursor-dev amd64 1:1.2.1-1build1 [31.8 kB]
Build Linux	Install Dependencies	2026-02-21T16:17:55.5963685Z Get:37 http://azure.archive.ubuntu.com/ubuntu noble/main amd64 libxext-dev amd64 2:1.3.4-1build2 [83.5 kB]
Build Linux	Install Dependencies	2026-02-21T16:17:55.6624236Z Get:38 http://azure.archive.ubuntu.com/ubuntu noble/main amd64 libxinerama-dev amd64 2:1.1.4-3build1 [7988 B]
Build Linux	Install Dependencies	2026-02-21T16:17:55.7254763Z Get:39 http://azure.archive.ubuntu.com/ubuntu noble/main amd64 libxrandr-dev amd64 2:1.5.2-2build1 [26.4 kB]
Build Linux	Install Dependencies	2026-02-21T16:17:55.7870054Z Get:40 http://azure.archive.ubuntu.com/ubuntu noble/universe amd64 opus-tools amd64 0.2-1build3 [59.0 kB]
Build Linux	Install Dependencies	2026-02-21T16:17:56.0956403Z Fetched 20.7 MB in 3s (6955 kB/s)
Build Linux	Install Dependencies	2026-02-21T16:17:56.2481600Z (Reading database ... 
Build Linux	Install Dependencies	2026-02-21T16:17:56.2482426Z (Reading database ... 5%
Build Linux	Install Dependencies	2026-02-21T16:17:56.2482891Z (Reading database ... 10%
Build Linux	Install Dependencies	2026-02-21T16:17:56.2483488Z (Reading database ... 15%
Build Linux	Install Dependencies	2026-02-21T16:17:56.2483769Z (Reading database ... 20%
Build Linux	Install Dependencies	2026-02-21T16:17:56.2484041Z (Reading database ... 25%
Build Linux	Install Dependencies	2026-02-21T16:17:56.2484307Z (Reading database ... 30%
Build Linux	Install Dependencies	2026-02-21T16:17:56.2484583Z (Reading database ... 35%
Build Linux	Install Dependencies	2026-02-21T16:17:56.2484916Z (Reading database ... 40%
Build Linux	Install Dependencies	2026-02-21T16:17:56.2485181Z (Reading database ... 45%
Build Linux	Install Dependencies	2026-02-21T16:17:56.2485454Z (Reading database ... 50%
Build Linux	Install Dependencies	2026-02-21T16:17:56.3490390Z (Reading database ... 55%
Build Linux	Install Dependencies	2026-02-21T16:17:56.8709501Z (Reading database ... 60%
Build Linux	Install Dependencies	2026-02-21T16:17:57.1433199Z (Reading database ... 65%
Build Linux	Install Dependencies	2026-02-21T16:17:57.2650383Z (Reading database ... 70%
Build Linux	Install Dependencies	2026-02-21T16:17:57.4293253Z (Reading database ... 75%
Build Linux	Install Dependencies	2026-02-21T16:17:58.1355498Z (Reading database ... 80%
Build Linux	Install Dependencies	2026-02-21T16:17:58.9372673Z (Reading database ... 85%
Build Linux	Install Dependencies	2026-02-21T16:17:59.7085142Z (Reading database ... 90%
Build Linux	Install Dependencies	2026-02-21T16:18:00.6540746Z (Reading database ... 95%
Build Linux	Install Dependencies	2026-02-21T16:18:00.6541137Z (Reading database ... 100%
Build Linux	Install Dependencies	2026-02-21T16:18:00.6541589Z (Reading database ... 217745 files and directories currently installed.)
Build Linux	Install Dependencies	2026-02-21T16:18:00.6586660Z Preparing to unpack .../00-libpng16-16t64_1.6.43-5ubuntu0.5_amd64.deb ...
Build Linux	Install Dependencies	2026-02-21T16:18:00.6913451Z Unpacking libpng16-16t64:amd64 (1.6.43-5ubuntu0.5) over (1.6.43-5build1) ...
Build Linux	Install Dependencies	2026-02-21T16:18:00.7362639Z Selecting previously unselected package build-essential.
Build Linux	Install Dependencies	2026-02-21T16:18:00.7498624Z Preparing to unpack .../01-build-essential_12.10ubuntu1_amd64.deb ...
Build Linux	Install Dependencies	2026-02-21T16:18:00.7508554Z Unpacking build-essential (12.10ubuntu1) ...
Build Linux	Install Dependencies	2026-02-21T16:18:00.7800331Z Selecting previously unselected package bzip2-doc.
Build Linux	Install Dependencies	2026-02-21T16:18:00.7934691Z Preparing to unpack .../02-bzip2-doc_1.0.8-5.1build0.1_all.deb ...
Build Linux	Install Dependencies	2026-02-21T16:18:00.7952661Z Unpacking bzip2-doc (1.0.8-5.1build0.1) ...
Build Linux	Install Dependencies	2026-02-21T16:18:00.8356476Z Selecting previously unselected package libjsoncpp25:amd64.
Build Linux	Install Dependencies	2026-02-21T16:18:00.8488794Z Preparing to unpack .../03-libjsoncpp25_1.9.5-6build1_amd64.deb ...
Build Linux	Install Dependencies	2026-02-21T16:18:00.8502127Z Unpacking libjsoncpp25:amd64 (1.9.5-6build1) ...
Build Linux	Install Dependencies	2026-02-21T16:18:00.8762678Z Selecting previously unselected package librhash0:amd64.
Build Linux	Install Dependencies	2026-02-21T16:18:00.8894923Z Preparing to unpack .../04-librhash0_1.4.3-3build1_amd64.deb ...
Build Linux	Install Dependencies	2026-02-21T16:18:00.8908628Z Unpacking librhash0:amd64 (1.4.3-3build1) ...
Build Linux	Install Dependencies	2026-02-21T16:18:00.9190301Z Selecting previously unselected package cmake-data.
Build Linux	Install Dependencies	2026-02-21T16:18:00.9322423Z Preparing to unpack .../05-cmake-data_3.28.3-1build7_all.deb ...
Build Linux	Install Dependencies	2026-02-21T16:18:00.9459711Z Unpacking cmake-data (3.28.3-1build7) ...
Build Linux	Install Dependencies	2026-02-21T16:18:01.5621010Z Selecting previously unselected package cmake.
Build Linux	Install Dependencies	2026-02-21T16:18:01.5765574Z Preparing to unpack .../06-cmake_3.28.3-1build7_amd64.deb ...
Build Linux	Install Dependencies	2026-02-21T16:18:01.5780928Z Unpacking cmake (3.28.3-1build7) ...
Build Linux	Install Dependencies	2026-02-21T16:18:01.8025350Z Preparing to unpack .../07-libasound2t64_1.2.11-1ubuntu0.2_amd64.deb ...
Build Linux	Install Dependencies	2026-02-21T16:18:01.8070404Z Unpacking libasound2t64:amd64 (1.2.11-1ubuntu0.2) over (1.2.11-1ubuntu0.1) ...
Build Linux	Install Dependencies	2026-02-21T16:18:01.8658408Z Preparing to unpack .../08-libasound2-data_1.2.11-1ubuntu0.2_all.deb ...
Build Linux	Install Dependencies	2026-02-21T16:18:01.8698756Z Unpacking libasound2-data (1.2.11-1ubuntu0.2) over (1.2.11-1ubuntu0.1) ...
Build Linux	Install Dependencies	2026-02-21T16:18:01.9348498Z Selecting previously unselected package libasound2-dev:amd64.
Build Linux	Install Dependencies	2026-02-21T16:18:01.9483451Z Preparing to unpack .../09-libasound2-dev_1.2.11-1ubuntu0.2_amd64.deb ...
Build Linux	Install Dependencies	2026-02-21T16:18:01.9518270Z Unpacking libasound2-dev:amd64 (1.2.11-1ubuntu0.2) ...
Build Linux	Install Dependencies	2026-02-21T16:18:01.9992057Z Selecting previously unselected package libbrotli-dev:amd64.
Build Linux	Install Dependencies	2026-02-21T16:18:02.0126526Z Preparing to unpack .../10-libbrotli-dev_1.1.0-2build2_amd64.deb ...
Build Linux	Install Dependencies	2026-02-21T16:18:02.0138337Z Unpacking libbrotli-dev:amd64 (1.1.0-2build2) ...
Build Linux	Install Dependencies	2026-02-21T16:18:02.0422332Z Selecting previously unselected package libbz2-dev:amd64.
Build Linux	Install Dependencies	2026-02-21T16:18:02.0557201Z Preparing to unpack .../11-libbz2-dev_1.0.8-5.1build0.1_amd64.deb ...
Build Linux	Install Dependencies	2026-02-21T16:18:02.0570498Z Unpacking libbz2-dev:amd64 (1.0.8-5.1build0.1) ...
Build Linux	Install Dependencies	2026-02-21T16:18:02.0790795Z Selecting previously unselected package libcurl4-openssl-dev:amd64.
Build Linux	Install Dependencies	2026-02-21T16:18:02.0924682Z Preparing to unpack .../12-libcurl4-openssl-dev_8.5.0-2ubuntu10.6_amd64.deb ...
Build Linux	Install Dependencies	2026-02-21T16:18:02.0937624Z Unpacking libcurl4-openssl-dev:amd64 (8.5.0-2ubuntu10.6) ...
Build Linux	Install Dependencies	2026-02-21T16:18:02.1396763Z Selecting previously unselected package libflac12t64:amd64.
Build Linux	Install Dependencies	2026-02-21T16:18:02.1531487Z Preparing to unpack .../13-libflac12t64_1.4.3+ds-2.1ubuntu2_amd64.deb ...
Build Linux	Install Dependencies	2026-02-21T16:18:02.1545898Z Unpacking libflac12t64:amd64 (1.4.3+ds-2.1ubuntu2) ...
Build Linux	Install Dependencies	2026-02-21T16:18:02.1797261Z Selecting previously unselected package libpng-dev:amd64.
Build Linux	Install Dependencies	2026-02-21T16:18:02.1931958Z Preparing to unpack .../14-libpng-dev_1.6.43-5ubuntu0.5_amd64.deb ...
Build Linux	Install Dependencies	2026-02-21T16:18:02.1945322Z Unpacking libpng-dev:amd64 (1.6.43-5ubuntu0.5) ...
Build Linux	Install Dependencies	2026-02-21T16:18:02.2459587Z Selecting previously unselected package libfreetype-dev:amd64.
Build Linux	Install Dependencies	2026-02-21T16:18:02.2593304Z Preparing to unpack .../15-libfreetype-dev_2.13.2+dfsg-1build3_amd64.deb ...
Build Linux	Install Dependencies	2026-02-21T16:18:02.2605584Z Unpacking libfreetype-dev:amd64 (2.13.2+dfsg-1build3) ...
Build Linux	Install Dependencies	2026-02-21T16:18:02.3000967Z Selecting previously unselected package libopus0:amd64.
Build Linux	Install Dependencies	2026-02-21T16:18:02.3136102Z Preparing to unpack .../16-libopus0_1.4-1build1_amd64.deb ...
Build Linux	Install Dependencies	2026-02-21T16:18:02.3153708Z Unpacking libopus0:amd64 (1.4-1build1) ...
Build Linux	Install Dependencies	2026-02-21T16:18:02.3412859Z Selecting previously unselected package libsamplerate0:amd64.
Build Linux	Install Dependencies	2026-02-21T16:18:02.3546807Z Preparing to unpack .../17-libsamplerate0_0.2.2-4build1_amd64.deb ...
Build Linux	Install Dependencies	2026-02-21T16:18:02.3569931Z Unpacking libsamplerate0:amd64 (0.2.2-4build1) ...
Build Linux	Install Dependencies	2026-02-21T16:18:02.3876424Z Selecting previously unselected package libjack-jackd2-0:amd64.
Build Linux	Install Dependencies	2026-02-21T16:18:02.4017623Z Preparing to unpack .../18-libjack-jackd2-0_1.9.21~dfsg-3ubuntu3_amd64.deb ...
Build Linux	Install Dependencies	2026-02-21T16:18:02.4030729Z Unpacking libjack-jackd2-0:amd64 (1.9.21~dfsg-3ubuntu3) ...
Build Linux	Install Dependencies	2026-02-21T16:18:02.4301603Z Selecting previously unselected package libjack-jackd2-dev:amd64.
Build Linux	Install Dependencies	2026-02-21T16:18:02.4436297Z Preparing to unpack .../19-libjack-jackd2-dev_1.9.21~dfsg-3ubuntu3_amd64.deb ...
Build Linux	Install Dependencies	2026-02-21T16:18:02.4446917Z Unpacking libjack-jackd2-dev:amd64 (1.9.21~dfsg-3ubuntu3) ...
Build Linux	Install Dependencies	2026-02-21T16:18:02.4721808Z Selecting previously unselected package libopus-dev:amd64.
Build Linux	Install Dependencies	2026-02-21T16:18:02.4856512Z Preparing to unpack .../20-libopus-dev_1.4-1build1_amd64.deb ...
Build Linux	Install Dependencies	2026-02-21T16:18:02.4887434Z Unpacking libopus-dev:amd64 (1.4-1build1) ...
Build Linux	Install Dependencies	2026-02-21T16:18:02.5189293Z Selecting previously unselected package libopusenc0:amd64.
Build Linux	Install Dependencies	2026-02-21T16:18:02.5325365Z Preparing to unpack .../21-libopusenc0_0.2.1-2build1_amd64.deb ...
Build Linux	Install Dependencies	2026-02-21T16:18:02.5344666Z Unpacking libopusenc0:amd64 (0.2.1-2build1) ...
Build Linux	Install Dependencies	2026-02-21T16:18:02.5589944Z Selecting previously unselected package libopusfile0:amd64.
Build Linux	Install Dependencies	2026-02-21T16:18:02.5724696Z Preparing to unpack .../22-libopusfile0_0.12-4build3_amd64.deb ...
Build Linux	Install Dependencies	2026-02-21T16:18:02.5741456Z Unpacking libopusfile0:amd64 (0.12-4build3) ...
Build Linux	Install Dependencies	2026-02-21T16:18:02.5984502Z Selecting previously unselected package libpng-tools.
Build Linux	Install Dependencies	2026-02-21T16:18:02.6118619Z Preparing to unpack .../23-libpng-tools_1.6.43-5ubuntu0.5_amd64.deb ...
Build Linux	Install Dependencies	2026-02-21T16:18:02.6131172Z Unpacking libpng-tools (1.6.43-5ubuntu0.5) ...
Build Linux	Install Dependencies	2026-02-21T16:18:02.6360318Z Selecting previously unselected package libpthread-stubs0-dev:amd64.
Build Linux	Install Dependencies	2026-02-21T16:18:02.6495059Z Preparing to unpack .../24-libpthread-stubs0-dev_0.4-1build3_amd64.deb ...
Build Linux	Install Dependencies	2026-02-21T16:18:02.6508087Z Unpacking libpthread-stubs0-dev:amd64 (0.4-1build3) ...
Build Linux	Install Dependencies	2026-02-21T16:18:02.6757387Z Selecting previously unselected package xorg-sgml-doctools.
Build Linux	Install Dependencies	2026-02-21T16:18:02.6890520Z Preparing to unpack .../25-xorg-sgml-doctools_1%3a1.11-1.1_all.deb ...
Build Linux	Install Dependencies	2026-02-21T16:18:02.6904936Z Unpacking xorg-sgml-doctools (1:1.11-1.1) ...
Build Linux	Install Dependencies	2026-02-21T16:18:02.7221865Z Selecting previously unselected package x11proto-dev.
Build Linux	Install Dependencies	2026-02-21T16:18:02.7355409Z Preparing to unpack .../26-x11proto-dev_2023.2-1_all.deb ...
Build Linux	Install Dependencies	2026-02-21T16:18:02.7367729Z Unpacking x11proto-dev (2023.2-1) ...
Build Linux	Install Dependencies	2026-02-21T16:18:02.8123360Z Selecting previously unselected package libxau-dev:amd64.
Build Linux	Install Dependencies	2026-02-21T16:18:02.8258522Z Preparing to unpack .../27-libxau-dev_1%3a1.0.9-1build6_amd64.deb ...
Build Linux	Install Dependencies	2026-02-21T16:18:02.8273807Z Unpacking libxau-dev:amd64 (1:1.0.9-1build6) ...
Build Linux	Install Dependencies	2026-02-21T16:18:02.8590311Z Selecting previously unselected package libxdmcp-dev:amd64.
Build Linux	Install Dependencies	2026-02-21T16:18:02.8725444Z Preparing to unpack .../28-libxdmcp-dev_1%3a1.1.3-0ubuntu6_amd64.deb ...
Build Linux	Install Dependencies	2026-02-21T16:18:02.8739203Z Unpacking libxdmcp-dev:amd64 (1:1.1.3-0ubuntu6) ...
Build Linux	Install Dependencies	2026-02-21T16:18:02.8972162Z Selecting previously unselected package xtrans-dev.
Build Linux	Install Dependencies	2026-02-21T16:18:02.9107009Z Preparing to unpack .../29-xtrans-dev_1.4.0-1_all.deb ...
Build Linux	Install Dependencies	2026-02-21T16:18:02.9119118Z Unpacking xtrans-dev (1.4.0-1) ...
Build Linux	Install Dependencies	2026-02-21T16:18:02.9400372Z Selecting previously unselected package libxcb1-dev:amd64.
Build Linux	Install Dependencies	2026-02-21T16:18:02.9534911Z Preparing to unpack .../30-libxcb1-dev_1.15-1ubuntu2_amd64.deb ...
Build Linux	Install Dependencies	2026-02-21T16:18:02.9563269Z Unpacking libxcb1-dev:amd64 (1.15-1ubuntu2) ...
Build Linux	Install Dependencies	2026-02-21T16:18:02.9842433Z Selecting previously unselected package libx11-dev:amd64.
Build Linux	Install Dependencies	2026-02-21T16:18:02.9976516Z Preparing to unpack .../31-libx11-dev_2%3a1.8.7-1build1_amd64.deb ...
Build Linux	Install Dependencies	2026-02-21T16:18:02.9988749Z Unpacking libx11-dev:amd64 (2:1.8.7-1build1) ...
Build Linux	Install Dependencies	2026-02-21T16:18:03.0363791Z Selecting previously unselected package libxrender-dev:amd64.
Build Linux	Install Dependencies	2026-02-21T16:18:03.0499933Z Preparing to unpack .../32-libxrender-dev_1%3a0.9.10-1.1build1_amd64.deb ...
Build Linux	Install Dependencies	2026-02-21T16:18:03.0516313Z Unpacking libxrender-dev:amd64 (1:0.9.10-1.1build1) ...
Build Linux	Install Dependencies	2026-02-21T16:18:03.0761610Z Selecting previously unselected package libxfixes-dev:amd64.
Build Linux	Install Dependencies	2026-02-21T16:18:03.0896615Z Preparing to unpack .../33-libxfixes-dev_1%3a6.0.0-2build1_amd64.deb ...
Build Linux	Install Dependencies	2026-02-21T16:18:03.0912020Z Unpacking libxfixes-dev:amd64 (1:6.0.0-2build1) ...
Build Linux	Install Dependencies	2026-02-21T16:18:03.1139642Z Selecting previously unselected package libxcursor-dev:amd64.
Build Linux	Install Dependencies	2026-02-21T16:18:03.1275616Z Preparing to unpack .../34-libxcursor-dev_1%3a1.2.1-1build1_amd64.deb ...
Build Linux	Install Dependencies	2026-02-21T16:18:03.1294085Z Unpacking libxcursor-dev:amd64 (1:1.2.1-1build1) ...
Build Linux	Install Dependencies	2026-02-21T16:18:03.1592260Z Selecting previously unselected package libxext-dev:amd64.
Build Linux	Install Dependencies	2026-02-21T16:18:03.1726997Z Preparing to unpack .../35-libxext-dev_2%3a1.3.4-1build2_amd64.deb ...
Build Linux	Install Dependencies	2026-02-21T16:18:03.1740762Z Unpacking libxext-dev:amd64 (2:1.3.4-1build2) ...
Build Linux	Install Dependencies	2026-02-21T16:18:03.2059973Z Selecting previously unselected package libxinerama-dev:amd64.
Build Linux	Install Dependencies	2026-02-21T16:18:03.2194874Z Preparing to unpack .../36-libxinerama-dev_2%3a1.1.4-3build1_amd64.deb ...
Build Linux	Install Dependencies	2026-02-21T16:18:03.2208011Z Unpacking libxinerama-dev:amd64 (2:1.1.4-3build1) ...
Build Linux	Install Dependencies	2026-02-21T16:18:03.2443165Z Selecting previously unselected package libxrandr-dev:amd64.
Build Linux	Install Dependencies	2026-02-21T16:18:03.2577489Z Preparing to unpack .../37-libxrandr-dev_2%3a1.5.2-2build1_amd64.deb ...
Build Linux	Install Dependencies	2026-02-21T16:18:03.2590461Z Unpacking libxrandr-dev:amd64 (2:1.5.2-2build1) ...
Build Linux	Install Dependencies	2026-02-21T16:18:03.2823725Z Selecting previously unselected package opus-tools.
Build Linux	Install Dependencies	2026-02-21T16:18:03.2958954Z Preparing to unpack .../38-opus-tools_0.2-1build3_amd64.deb ...
Build Linux	Install Dependencies	2026-02-21T16:18:03.2976423Z Unpacking opus-tools (0.2-1build3) ...
Build Linux	Install Dependencies	2026-02-21T16:18:03.3563760Z Setting up bzip2-doc (1.0.8-5.1build0.1) ...
Build Linux	Install Dependencies	2026-02-21T16:18:03.3596862Z Setting up libpthread-stubs0-dev:amd64 (0.4-1build3) ...
Build Linux	Install Dependencies	2026-02-21T16:18:03.3633960Z Setting up libasound2-data (1.2.11-1ubuntu0.2) ...
Build Linux	Install Dependencies	2026-02-21T16:18:03.3670596Z Setting up xtrans-dev (1.4.0-1) ...
Build Linux	Install Dependencies	2026-02-21T16:18:03.3697090Z Setting up libasound2t64:amd64 (1.2.11-1ubuntu0.2) ...
Build Linux	Install Dependencies	2026-02-21T16:18:03.3722870Z Setting up libcurl4-openssl-dev:amd64 (8.5.0-2ubuntu10.6) ...
Build Linux	Install Dependencies	2026-02-21T16:18:03.3746004Z Setting up libopus0:amd64 (1.4-1build1) ...
Build Linux	Install Dependencies	2026-02-21T16:18:03.3769008Z Setting up libpng16-16t64:amd64 (1.6.43-5ubuntu0.5) ...
Build Linux	Install Dependencies	2026-02-21T16:18:03.3791324Z Setting up libjsoncpp25:amd64 (1.9.5-6build1) ...
Build Linux	Install Dependencies	2026-02-21T16:18:03.3820739Z Setting up librhash0:amd64 (1.4.3-3build1) ...
Build Linux	Install Dependencies	2026-02-21T16:18:03.3846244Z Setting up build-essential (12.10ubuntu1) ...
Build Linux	Install Dependencies	2026-02-21T16:18:03.3872454Z Setting up xorg-sgml-doctools (1:1.11-1.1) ...
Build Linux	Install Dependencies	2026-02-21T16:18:03.3898355Z Setting up cmake-data (3.28.3-1build7) ...
Build Linux	Install Dependencies	2026-02-21T16:18:03.3969300Z Setting up libflac12t64:amd64 (1.4.3+ds-2.1ubuntu2) ...
Build Linux	Install Dependencies	2026-02-21T16:18:03.3994994Z Setting up libasound2-dev:amd64 (1.2.11-1ubuntu0.2) ...
Build Linux	Install Dependencies	2026-02-21T16:18:03.4019801Z Setting up libsamplerate0:amd64 (0.2.2-4build1) ...
Build Linux	Install Dependencies	2026-02-21T16:18:03.4043180Z Setting up libopusfile0:amd64 (0.12-4build3) ...
Build Linux	Install Dependencies	2026-02-21T16:18:03.4066811Z Setting up libbrotli-dev:amd64 (1.1.0-2build2) ...
Build Linux	Install Dependencies	2026-02-21T16:18:03.4090298Z Setting up libbz2-dev:amd64 (1.0.8-5.1build0.1) ...
Build Linux	Install Dependencies	2026-02-21T16:18:03.4118816Z Setting up libopusenc0:amd64 (0.2.1-2build1) ...
Build Linux	Install Dependencies	2026-02-21T16:18:03.4145692Z Setting up libpng-tools (1.6.43-5ubuntu0.5) ...
Build Linux	Install Dependencies	2026-02-21T16:18:03.4176388Z Setting up libpng-dev:amd64 (1.6.43-5ubuntu0.5) ...
Build Linux	Install Dependencies	2026-02-21T16:18:03.4201590Z Setting up opus-tools (0.2-1build3) ...
Build Linux	Install Dependencies	2026-02-21T16:18:03.4227926Z Setting up libopus-dev:amd64 (1.4-1build1) ...
Build Linux	Install Dependencies	2026-02-21T16:18:03.4252275Z Setting up libfreetype-dev:amd64 (2.13.2+dfsg-1build3) ...
Build Linux	Install Dependencies	2026-02-21T16:18:03.4277767Z Setting up libjack-jackd2-0:amd64 (1.9.21~dfsg-3ubuntu3) ...
Build Linux	Install Dependencies	2026-02-21T16:18:03.4303504Z Setting up cmake (3.28.3-1build7) ...
Build Linux	Install Dependencies	2026-02-21T16:18:03.4328368Z Setting up libjack-jackd2-dev:amd64 (1.9.21~dfsg-3ubuntu3) ...
Build Linux	Install Dependencies	2026-02-21T16:18:03.4397849Z Processing triggers for sgml-base (1.31) ...
Build Linux	Install Dependencies	2026-02-21T16:18:03.4939399Z Processing triggers for install-info (7.1-3build2) ...
Build Linux	Install Dependencies	2026-02-21T16:18:03.8411184Z Setting up x11proto-dev (2023.2-1) ...
Build Linux	Install Dependencies	2026-02-21T16:18:03.8440214Z Setting up libxau-dev:amd64 (1:1.0.9-1build6) ...
Build Linux	Install Dependencies	2026-02-21T16:18:03.8469775Z Processing triggers for libc-bin (2.39-0ubuntu8.6) ...
Build Linux	Install Dependencies	2026-02-21T16:18:04.0570048Z Processing triggers for man-db (2.12.0-4build2) ...
Build Linux	Install Dependencies	2026-02-21T16:18:04.0657207Z Not building database; man-db/auto-update is not 'true'.
Build Linux	Install Dependencies	2026-02-21T16:18:04.0671202Z Setting up libxdmcp-dev:amd64 (1:1.1.3-0ubuntu6) ...
Build Linux	Install Dependencies	2026-02-21T16:18:04.0730890Z Setting up libxcb1-dev:amd64 (1.15-1ubuntu2) ...
Build Linux	Install Dependencies	2026-02-21T16:18:04.0764765Z Setting up libx11-dev:amd64 (2:1.8.7-1build1) ...
Build Linux	Install Dependencies	2026-02-21T16:18:04.0798358Z Setting up libxfixes-dev:amd64 (1:6.0.0-2build1) ...
Build Linux	Install Dependencies	2026-02-21T16:18:04.0832995Z Setting up libxext-dev:amd64 (2:1.3.4-1build2) ...
Build Linux	Install Dependencies	2026-02-21T16:18:04.0868296Z Setting up libxrender-dev:amd64 (1:0.9.10-1.1build1) ...
Build Linux	Install Dependencies	2026-02-21T16:18:04.0901165Z Setting up libxcursor-dev:amd64 (1:1.2.1-1build1) ...
Build Linux	Install Dependencies	2026-02-21T16:18:04.0933887Z Setting up libxrandr-dev:amd64 (2:1.5.2-2build1) ...
Build Linux	Install Dependencies	2026-02-21T16:18:04.0964985Z Setting up libxinerama-dev:amd64 (2:1.1.4-3build1) ...
Build Linux	Install Dependencies	2026-02-21T16:18:05.5681193Z 
Build Linux	Install Dependencies	2026-02-21T16:18:05.5681638Z Running kernel seems to be up-to-date.
Build Linux	Install Dependencies	2026-02-21T16:18:05.5682153Z 
Build Linux	Install Dependencies	2026-02-21T16:18:05.5682307Z Restarting services...
Build Linux	Install Dependencies	2026-02-21T16:18:05.5757221Z  systemctl restart php8.3-fpm.service
Build Linux	Install Dependencies	2026-02-21T16:18:05.6814505Z 
Build Linux	Install Dependencies	2026-02-21T16:18:05.6816148Z No containers need to be restarted.
Build Linux	Install Dependencies	2026-02-21T16:18:05.6816498Z 
Build Linux	Install Dependencies	2026-02-21T16:18:05.6816719Z No user sessions are running outdated binaries.
Build Linux	Install Dependencies	2026-02-21T16:18:05.6817088Z 
Build Linux	Install Dependencies	2026-02-21T16:18:05.6817402Z No VM guests are running outdated hypervisor (qemu) binaries on this host.
Build Linux	Configure CMake	﻿2026-02-21T16:18:06.6637432Z ##[group]Run cmake -B build -DCMAKE_BUILD_TYPE=Release
Build Linux	Configure CMake	2026-02-21T16:18:06.6637826Z [36;1mcmake -B build -DCMAKE_BUILD_TYPE=Release[0m
Build Linux	Configure CMake	2026-02-21T16:18:06.6668542Z shell: /usr/bin/bash -e {0}
Build Linux	Configure CMake	2026-02-21T16:18:06.6668782Z ##[endgroup]
Build Linux	Configure CMake	2026-02-21T16:18:09.2645840Z -- The C compiler identification is GNU 13.3.0
Build Linux	Configure CMake	2026-02-21T16:18:10.4709192Z -- The CXX compiler identification is GNU 13.3.0
Build Linux	Configure CMake	2026-02-21T16:18:10.7357191Z -- Detecting C compiler ABI info
Build Linux	Configure CMake	2026-02-21T16:18:11.2098025Z -- Detecting C compiler ABI info - done
Build Linux	Configure CMake	2026-02-21T16:18:11.2268531Z -- Check for working C compiler: /usr/bin/cc - skipped
Build Linux	Configure CMake	2026-02-21T16:18:11.2475853Z -- Detecting C compile features
Build Linux	Configure CMake	2026-02-21T16:18:11.2484396Z -- Detecting C compile features - done
Build Linux	Configure CMake	2026-02-21T16:18:11.3366616Z -- Detecting CXX compiler ABI info
Build Linux	Configure CMake	2026-02-21T16:18:11.4417185Z -- Detecting CXX compiler ABI info - done
Build Linux	Configure CMake	2026-02-21T16:18:11.4589071Z -- Check for working CXX compiler: /usr/bin/c++ - skipped
Build Linux	Configure CMake	2026-02-21T16:18:11.4593023Z -- Detecting CXX compile features
Build Linux	Configure CMake	2026-02-21T16:18:11.4599174Z -- Detecting CXX compile features - done
Build Linux	Configure CMake	2026-02-21T16:18:11.4705603Z CMake Deprecation Warning at deps/aoo/CMakeLists.txt:1 (cmake_minimum_required):
Build Linux	Configure CMake	2026-02-21T16:18:11.4706541Z   Compatibility with CMake < 3.10 will be removed from a future version of
Build Linux	Configure CMake	2026-02-21T16:18:11.4707178Z   CMake.
Build Linux	Configure CMake	2026-02-21T16:18:11.4707334Z 
Build Linux	Configure CMake	2026-02-21T16:18:11.4707667Z   Update the VERSION argument <min> value.  Or, use the <min>...<max> syntax
Build Linux	Configure CMake	2026-02-21T16:18:11.4708492Z   to tell CMake that the project requires at least <min> but has been updated
Build Linux	Configure CMake	2026-02-21T16:18:11.4709028Z   to work with policies introduced by <max> or earlier.
Build Linux	Configure CMake	2026-02-21T16:18:11.4709243Z 
Build Linux	Configure CMake	2026-02-21T16:18:11.4709247Z 
Build Linux	Configure CMake	2026-02-21T16:18:11.4709321Z -- Project: aoo
Build Linux	Configure CMake	2026-02-21T16:18:11.5603116Z -- Opus library: opus
Build Linux	Configure CMake	2026-02-21T16:18:11.5603606Z -- 
Build Linux	Configure CMake	2026-02-21T16:18:11.5603959Z *** Global settings ***
Build Linux	Configure CMake	2026-02-21T16:18:11.5604237Z 
Build Linux	Configure CMake	2026-02-21T16:18:11.5604414Z -- CMAKE_CXX_COMPILER_ID: GNU
Build Linux	Configure CMake	2026-02-21T16:18:11.5604905Z -- Build type: Release
Build Linux	Configure CMake	2026-02-21T16:18:11.5605382Z -- CMAKE_INSTALL_PREFIX: /usr/local
Build Linux	Configure CMake	2026-02-21T16:18:11.5605890Z -- Log level: Warning
Build Linux	Configure CMake	2026-02-21T16:18:11.5612395Z -- Performing Test HAVE_CXX_SSE
Build Linux	Configure CMake	2026-02-21T16:18:11.6210418Z -- Performing Test HAVE_CXX_SSE - Success
Build Linux	Configure CMake	2026-02-21T16:18:11.6218127Z -- Performing Test HAVE_CXX_SSE2
Build Linux	Configure CMake	2026-02-21T16:18:11.6813141Z -- Performing Test HAVE_CXX_SSE2 - Success
Build Linux	Configure CMake	2026-02-21T16:18:11.6820581Z -- Performing Test HAVE_CXX_SSE3
Build Linux	Configure CMake	2026-02-21T16:18:11.7421343Z -- Performing Test HAVE_CXX_SSE3 - Success
Build Linux	Configure CMake	2026-02-21T16:18:11.7429675Z -- Performing Test HAVE_CXX_SSE4
Build Linux	Configure CMake	2026-02-21T16:18:11.8020003Z -- Performing Test HAVE_CXX_SSE4 - Success
Build Linux	Configure CMake	2026-02-21T16:18:11.8028138Z -- Performing Test HAVE_CXX_FPMATH_SSE
Build Linux	Configure CMake	2026-02-21T16:18:11.8624041Z -- Performing Test HAVE_CXX_FPMATH_SSE - Success
Build Linux	Configure CMake	2026-02-21T16:18:11.8624671Z -- Testing linker flag '-latomic'
Build Linux	Configure CMake	2026-02-21T16:18:11.9300577Z -- - ok
Build Linux	Configure CMake	2026-02-21T16:18:11.9300966Z -- Testing ATOMIC_DOUBLE support
Build Linux	Configure CMake	2026-02-21T16:18:12.3605137Z -- - ok
Build Linux	Configure CMake	2026-02-21T16:18:12.4576923Z -- Testing ATOMIC_INT64 support
Build Linux	Configure CMake	2026-02-21T16:18:12.4577405Z -- - ok
Build Linux	Configure CMake	2026-02-21T16:18:12.4577620Z -- Testing support for pthread_rwlock_t
Build Linux	Configure CMake	2026-02-21T16:18:12.6722221Z -- - ok
Build Linux	Configure CMake	2026-02-21T16:18:12.6722923Z -- Use Opus codec: ON
Build Linux	Configure CMake	2026-02-21T16:18:12.6723766Z -- Use AOO NET: ON
Build Linux	Configure CMake	2026-02-21T16:18:12.6724299Z -- 
Build Linux	Configure CMake	2026-02-21T16:18:12.6724568Z *** AOO library ***
Build Linux	Configure CMake	2026-02-21T16:18:12.6724767Z 
Build Linux	Configure CMake	2026-02-21T16:18:12.6731438Z -- Use custom allocator: OFF
Build Linux	Configure CMake	2026-02-21T16:18:12.6732049Z -- Default UDP packet size: 512
Build Linux	Configure CMake	2026-02-21T16:18:12.6732448Z -- Max. UDP packet size: 4096
Build Linux	Configure CMake	2026-02-21T16:18:12.6732783Z -- Use dynamic resampling: OFF
Build Linux	Configure CMake	2026-02-21T16:18:12.6733013Z -- Default DLL filter bandwidth: 0.0001
Build Linux	Configure CMake	2026-02-21T16:18:12.6733259Z -- Use binary data message: ON
Build Linux	Configure CMake	2026-02-21T16:18:12.7005947Z -- 
Build Linux	Configure CMake	2026-02-21T16:18:12.7006242Z *** AOO server ***
Build Linux	Configure CMake	2026-02-21T16:18:12.7006439Z 
Build Linux	Configure CMake	2026-02-21T16:18:12.8974611Z -- Found PkgConfig: /usr/bin/pkg-config (found version "1.8.1")
Build Linux	Configure CMake	2026-02-21T16:18:12.8981980Z -- Checking for module 'alsa'
Build Linux	Configure CMake	2026-02-21T16:18:12.9070716Z --   Found alsa, version 1.2.11
Build Linux	Configure CMake	2026-02-21T16:18:12.9765881Z -- Checking for module 'freetype2'
Build Linux	Configure CMake	2026-02-21T16:18:12.9914221Z --   Found freetype2, version 26.1.20
Build Linux	Configure CMake	2026-02-21T16:18:13.0350971Z -- Checking for module 'libcurl'
Build Linux	Configure CMake	2026-02-21T16:18:13.0438687Z --   Found libcurl, version 8.5.0
Build Linux	Configure CMake	2026-02-21T16:18:13.0692752Z -- Checking for modules 'webkit2gtk-4.0;gtk+-x11-3.0'
Build Linux	Configure CMake	2026-02-21T16:18:13.2368404Z --   Package 'webkit2gtk-4.0', required by 'virtual:world', not found
Build Linux	Configure CMake	2026-02-21T16:18:13.2407579Z --   Package 'gtk+-x11-3.0', required by 'virtual:world', not found
Build Linux	Configure CMake	2026-02-21T16:18:13.2445568Z -- Configuring juceaide
Build Linux	Configure CMake	2026-02-21T16:18:13.9361086Z -- Building juceaide
Build Linux	Configure CMake	2026-02-21T16:19:03.7591411Z -- Exporting juceaide
Build Linux	Configure CMake	2026-02-21T16:19:03.8323607Z -- Configuring done (56.2s)
Build Linux	Configure CMake	2026-02-21T16:19:04.0518799Z -- Generating done (0.2s)
Build Linux	Configure CMake	2026-02-21T16:19:04.0523647Z -- Build files have been written to: /home/runner/work/sonobus/sonobus/build
Build Linux	Build	﻿2026-02-21T16:19:04.0632172Z ##[group]Run xvfb-run cmake --build build --config Release --target SonoBus_Standalone --parallel 4
Build Linux	Build	2026-02-21T16:19:04.0632883Z [36;1mxvfb-run cmake --build build --config Release --target SonoBus_Standalone --parallel 4[0m
Build Linux	Build	2026-02-21T16:19:04.0663675Z shell: /usr/bin/bash -e {0}
Build Linux	Build	2026-02-21T16:19:04.0663929Z ##[endgroup]
Build Linux	Build	2026-02-21T16:19:05.5445391Z [  0%] Generating juce_binarydata_SonoBus_SBData/JuceLibraryCode/BinaryData1.cpp, juce_binarydata_SonoBus_SBData/JuceLibraryCode/BinaryData2.cpp, juce_binarydata_SonoBus_SBData/JuceLibraryCode/BinaryData3.cpp, juce_binarydata_SonoBus_SBData/JuceLibraryCode/BinaryData4.cpp, juce_binarydata_SonoBus_SBData/JuceLibraryCode/BinaryData5.cpp, juce_binarydata_SonoBus_SBData/JuceLibraryCode/BinaryData6.cpp, juce_binarydata_SonoBus_SBData/JuceLibraryCode/BinaryData7.cpp, juce_binarydata_SonoBus_SBData/JuceLibraryCode/BinaryData8.cpp, juce_binarydata_SonoBus_SBData/JuceLibraryCode/BinaryData9.cpp, juce_binarydata_SonoBus_SBData/JuceLibraryCode/BinaryData10.cpp, juce_binarydata_SonoBus_SBData/JuceLibraryCode/BinaryData11.cpp, juce_binarydata_SonoBus_SBData/JuceLibraryCode/BinaryData12.cpp, juce_binarydata_SonoBus_SBData/JuceLibraryCode/BinaryData13.cpp, juce_binarydata_SonoBus_SBData/JuceLibraryCode/BinaryData14.cpp, juce_binarydata_SonoBus_SBData/JuceLibraryCode/BinaryData15.cpp, juce_binarydata_SonoBus_SBData/JuceLibraryCode/BinaryData16.cpp, juce_binarydata_SonoBus_SBData/JuceLibraryCode/BinaryData17.cpp, juce_binarydata_SonoBus_SBData/JuceLibraryCode/BinaryData18.cpp, juce_binarydata_SonoBus_SBData/JuceLibraryCode/BinaryData19.cpp, juce_binarydata_SonoBus_SBData/JuceLibraryCode/BinaryData20.cpp, juce_binarydata_SonoBus_SBData/JuceLibraryCode/BinaryData21.cpp, juce_binarydata_SonoBus_SBData/JuceLibraryCode/BinaryData22.cpp, juce_binarydata_SonoBus_SBData/JuceLibraryCode/BinaryData23.cpp, juce_binarydata_SonoBus_SBData/JuceLibraryCode/BinaryData24.cpp, juce_binarydata_SonoBus_SBData/JuceLibraryCode/BinaryData25.cpp, juce_binarydata_SonoBus_SBData/JuceLibraryCode/BinaryData26.cpp, juce_binarydata_SonoBus_SBData/JuceLibraryCode/BinaryData27.cpp, juce_binarydata_SonoBus_SBData/JuceLibraryCode/BinaryData28.cpp, juce_binarydata_SonoBus_SBData/JuceLibraryCode/BinaryData29.cpp, juce_binarydata_SonoBus_SBData/JuceLibraryCode/BinaryData30.cpp, juce_binarydata_SonoBus_SBData/JuceLibraryCode/BinaryData31.cpp, juce_binarydata_SonoBus_SBData/JuceLibraryCode/BinaryData32.cpp, juce_binarydata_SonoBus_SBData/JuceLibraryCode/BinaryData33.cpp, juce_binarydata_SonoBus_SBData/JuceLibraryCode/BinaryData34.cpp, juce_binarydata_SonoBus_SBData/JuceLibraryCode/BinaryData35.cpp, juce_binarydata_SonoBus_SBData/JuceLibraryCode/BinaryData36.cpp, juce_binarydata_SonoBus_SBData/JuceLibraryCode/BinaryData37.cpp, juce_binarydata_SonoBus_SBData/JuceLibraryCode/BinaryData38.cpp, juce_binarydata_SonoBus_SBData/JuceLibraryCode/BinaryData39.cpp, juce_binarydata_SonoBus_SBData/JuceLibraryCode/BinaryData40.cpp, juce_binarydata_SonoBus_SBData/JuceLibraryCode/BinaryData41.cpp, juce_binarydata_SonoBus_SBData/JuceLibraryCode/BinaryData42.cpp, juce_binarydata_SonoBus_SBData/JuceLibraryCode/BinaryData43.cpp, juce_binarydata_SonoBus_SBData/JuceLibraryCode/BinaryData44.cpp, juce_binarydata_SonoBus_SBData/JuceLibraryCode/BinaryData45.cpp, juce_binarydata_SonoBus_SBData/JuceLibraryCode/BinaryData46.cpp, juce_binarydata_SonoBus_SBData/JuceLibraryCode/BinaryData47.cpp, juce_binarydata_SonoBus_SBData/JuceLibraryCode/BinaryData48.cpp, juce_binarydata_SonoBus_SBData/JuceLibraryCode/BinaryData49.cpp, juce_binarydata_SonoBus_SBData/JuceLibraryCode/BinaryData50.cpp, juce_binarydata_SonoBus_SBData/JuceLibraryCode/BinaryData51.cpp, juce_binarydata_SonoBus_SBData/JuceLibraryCode/BinaryData52.cpp, juce_binarydata_SonoBus_SBData/JuceLibraryCode/BinaryData53.cpp, juce_binarydata_SonoBus_SBData/JuceLibraryCode/BinaryData54.cpp, juce_binarydata_SonoBus_SBData/JuceLibraryCode/BinaryData55.cpp, juce_binarydata_SonoBus_SBData/JuceLibraryCode/BinaryData56.cpp, juce_binarydata_SonoBus_SBData/JuceLibraryCode/BinaryData57.cpp, juce_binarydata_SonoBus_SBData/JuceLibraryCode/BinaryData58.cpp, juce_binarydata_SonoBus_SBData/JuceLibraryCode/BinaryData59.cpp, juce_binarydata_SonoBus_SBData/JuceLibraryCode/BinaryData60.cpp, juce_binarydata_SonoBus_SBData/JuceLibraryCode/BinaryData61.cpp, juce_binarydata_SonoBus_SBData/JuceLibraryCode/BinaryData62.cpp, juce_binarydata_SonoBus_SBData/JuceLibraryCode/BinaryData63.cpp, juce_binarydata_SonoBus_SBData/JuceLibraryCode/BinaryData64.cpp, juce_binarydata_SonoBus_SBData/JuceLibraryCode/BinaryData65.cpp, juce_binarydata_SonoBus_SBData/JuceLibraryCode/BinaryData66.cpp, juce_binarydata_SonoBus_SBData/JuceLibraryCode/BinaryData67.cpp, juce_binarydata_SonoBus_SBData/JuceLibraryCode/BinaryData68.cpp, juce_binarydata_SonoBus_SBData/JuceLibraryCode/BinaryData69.cpp, juce_binarydata_SonoBus_SBData/JuceLibraryCode/BinaryData70.cpp, juce_binarydata_SonoBus_SBData/JuceLibraryCode/BinaryData71.cpp, juce_binarydata_SonoBus_SBData/JuceLibraryCode/BinaryData72.cpp, juce_binarydata_SonoBus_SBData/JuceLibraryCode/BinaryData73.cpp, juce_binarydata_SonoBus_SBData/JuceLibraryCode/BinaryData74.cpp, juce_binarydata_SonoBus_SBData/JuceLibraryCode/BinaryData75.cpp, juce_binarydata_SonoBus_SBData/JuceLibraryCode/BinaryData76.cpp, juce_binarydata_SonoBus_SBData/JuceLibraryCode/BinaryData77.cpp, juce_binarydata_SonoBus_SBData/JuceLibraryCode/BinaryData78.cpp, juce_binarydata_SonoBus_SBData/JuceLibraryCode/BinaryData79.cpp, juce_binarydata_SonoBus_SBData/JuceLibraryCode/BinaryData80.cpp, juce_binarydata_SonoBus_SBData/JuceLibraryCode/BinaryData81.cpp, juce_binarydata_SonoBus_SBData/JuceLibraryCode/BinaryData82.cpp, juce_binarydata_SonoBus_SBData/JuceLibraryCode/BinaryData83.cpp, juce_binarydata_SonoBus_SBData/JuceLibraryCode/BinaryData84.cpp, juce_binarydata_SonoBus_SBData/JuceLibraryCode/BinaryData85.cpp, juce_binarydata_SonoBus_SBData/JuceLibraryCode/BinaryData86.cpp, juce_binarydata_SonoBus_SBData/JuceLibraryCode/BinaryData87.cpp, juce_binarydata_SonoBus_SBData/JuceLibraryCode/BinaryData88.cpp, juce_binarydata_SonoBus_SBData/JuceLibraryCode/BinaryData89.cpp, juce_binarydata_SonoBus_SBData/JuceLibraryCode/BinaryData90.cpp, juce_binarydata_SonoBus_SBData/JuceLibraryCode/BinaryData91.cpp, juce_binarydata_SonoBus_SBData/JuceLibraryCode/BinaryData92.cpp, juce_binarydata_SonoBus_SBData/JuceLibraryCode/BinaryData93.cpp, juce_binarydata_SonoBus_SBData/JuceLibraryCode/BinaryData94.cpp, juce_binarydata_SonoBus_SBData/JuceLibraryCode/BinaryData95.cpp, juce_binarydata_SonoBus_SBData/JuceLibraryCode/BinaryData96.cpp, juce_binarydata_SonoBus_SBData/JuceLibraryCode/BinaryData97.cpp, juce_binarydata_SonoBus_SBData/JuceLibraryCode/BinaryData.h
Build Linux	Build	2026-02-21T16:19:05.5518677Z [  0%] Building CXX object deps/aoo/aoo/CMakeFiles/AOO_STATIC.dir/__/common/net_utils.cpp.o
Build Linux	Build	2026-02-21T16:19:05.5519688Z [  0%] Building CXX object deps/aoo/aoo/CMakeFiles/AOO_STATIC.dir/__/common/sync.cpp.o
Build Linux	Build	2026-02-21T16:19:05.5520672Z [  0%] Building CXX object deps/aoo/aoo/CMakeFiles/AOO_STATIC.dir/__/common/tcp_server.cpp.o
Build Linux	Build	2026-02-21T16:19:05.9608851Z [  1%] Building CXX object CMakeFiles/SonoBus_SBData.dir/juce_binarydata_SonoBus_SBData/JuceLibraryCode/BinaryData1.cpp.o
Build Linux	Build	2026-02-21T16:19:06.2460599Z [  1%] Building CXX object CMakeFiles/SonoBus_SBData.dir/juce_binarydata_SonoBus_SBData/JuceLibraryCode/BinaryData2.cpp.o
Build Linux	Build	2026-02-21T16:19:06.3438398Z [  1%] Building CXX object CMakeFiles/SonoBus_SBData.dir/juce_binarydata_SonoBus_SBData/JuceLibraryCode/BinaryData3.cpp.o
Build Linux	Build	2026-02-21T16:19:06.4324083Z [  1%] Building CXX object CMakeFiles/SonoBus_SBData.dir/juce_binarydata_SonoBus_SBData/JuceLibraryCode/BinaryData4.cpp.o
Build Linux	Build	2026-02-21T16:19:06.5199576Z [  3%] Building CXX object deps/aoo/aoo/CMakeFiles/AOO_STATIC.dir/__/common/time.cpp.o
Build Linux	Build	2026-02-21T16:19:06.6129769Z [  5%] Building CXX object CMakeFiles/SonoBus_SBData.dir/juce_binarydata_SonoBus_SBData/JuceLibraryCode/BinaryData5.cpp.o
Build Linux	Build	2026-02-21T16:19:06.6907776Z [  5%] Building CXX object deps/aoo/aoo/CMakeFiles/AOO_STATIC.dir/__/common/udp_server.cpp.o
Build Linux	Build	2026-02-21T16:19:06.9139777Z [  5%] Building CXX object CMakeFiles/SonoBus_SBData.dir/juce_binarydata_SonoBus_SBData/JuceLibraryCode/BinaryData6.cpp.o
Build Linux	Build	2026-02-21T16:19:06.9823616Z [  5%] Building CXX object CMakeFiles/SonoBus_SBData.dir/juce_binarydata_SonoBus_SBData/JuceLibraryCode/BinaryData7.cpp.o
Build Linux	Build	2026-02-21T16:19:06.9992821Z [  5%] Building CXX object deps/aoo/aoo/CMakeFiles/AOO_STATIC.dir/src/aoo.cpp.o
Build Linux	Build	2026-02-21T16:19:07.0752885Z [  5%] Building CXX object deps/aoo/aoo/CMakeFiles/AOO_STATIC.dir/src/codec/null.cpp.o
Build Linux	Build	2026-02-21T16:19:07.9853646Z [  7%] Building CXX object CMakeFiles/SonoBus_SBData.dir/juce_binarydata_SonoBus_SBData/JuceLibraryCode/BinaryData8.cpp.o
Build Linux	Build	2026-02-21T16:19:08.0676939Z [  7%] Building CXX object CMakeFiles/SonoBus_SBData.dir/juce_binarydata_SonoBus_SBData/JuceLibraryCode/BinaryData9.cpp.o
Build Linux	Build	2026-02-21T16:19:08.0686146Z [  7%] Building CXX object CMakeFiles/SonoBus_SBData.dir/juce_binarydata_SonoBus_SBData/JuceLibraryCode/BinaryData10.cpp.o
Build Linux	Build	2026-02-21T16:19:08.1500666Z [  9%] Building CXX object deps/aoo/aoo/CMakeFiles/AOO_STATIC.dir/src/codec/pcm.cpp.o
Build Linux	Build	2026-02-21T16:19:08.1502175Z [  9%] Building CXX object CMakeFiles/SonoBus_SBData.dir/juce_binarydata_SonoBus_SBData/JuceLibraryCode/BinaryData11.cpp.o
Build Linux	Build	2026-02-21T16:19:08.2379893Z [ 11%] Building CXX object CMakeFiles/SonoBus_SBData.dir/juce_binarydata_SonoBus_SBData/JuceLibraryCode/BinaryData12.cpp.o
Build Linux	Build	2026-02-21T16:19:08.3505667Z [ 11%] Building CXX object CMakeFiles/SonoBus_SBData.dir/juce_binarydata_SonoBus_SBData/JuceLibraryCode/BinaryData13.cpp.o
Build Linux	Build	2026-02-21T16:19:08.3802325Z [ 11%] Building CXX object CMakeFiles/SonoBus_SBData.dir/juce_binarydata_SonoBus_SBData/JuceLibraryCode/BinaryData14.cpp.o
Build Linux	Build	2026-02-21T16:19:08.4066299Z [ 13%] Building CXX object CMakeFiles/SonoBus_SBData.dir/juce_binarydata_SonoBus_SBData/JuceLibraryCode/BinaryData15.cpp.o
Build Linux	Build	2026-02-21T16:19:08.4102588Z [ 13%] Building CXX object deps/aoo/aoo/CMakeFiles/AOO_STATIC.dir/src/packet_buffer.cpp.o
Build Linux	Build	2026-02-21T16:19:08.4332087Z [ 13%] Building CXX object CMakeFiles/SonoBus_SBData.dir/juce_binarydata_SonoBus_SBData/JuceLibraryCode/BinaryData16.cpp.o
Build Linux	Build	2026-02-21T16:19:08.4582851Z [ 13%] Building CXX object CMakeFiles/SonoBus_SBData.dir/juce_binarydata_SonoBus_SBData/JuceLibraryCode/BinaryData17.cpp.o
Build Linux	Build	2026-02-21T16:19:08.4826247Z [ 13%] Building CXX object CMakeFiles/SonoBus_SBData.dir/juce_binarydata_SonoBus_SBData/JuceLibraryCode/BinaryData18.cpp.o
Build Linux	Build	2026-02-21T16:19:08.5086699Z [ 15%] Building CXX object CMakeFiles/SonoBus_SBData.dir/juce_binarydata_SonoBus_SBData/JuceLibraryCode/BinaryData19.cpp.o
Build Linux	Build	2026-02-21T16:19:08.5355518Z [ 15%] Building CXX object CMakeFiles/SonoBus_SBData.dir/juce_binarydata_SonoBus_SBData/JuceLibraryCode/BinaryData20.cpp.o
Build Linux	Build	2026-02-21T16:19:08.5598211Z [ 15%] Building CXX object CMakeFiles/SonoBus_SBData.dir/juce_binarydata_SonoBus_SBData/JuceLibraryCode/BinaryData21.cpp.o
Build Linux	Build	2026-02-21T16:19:08.5926048Z [ 17%] Building CXX object CMakeFiles/SonoBus_SBData.dir/juce_binarydata_SonoBus_SBData/JuceLibraryCode/BinaryData22.cpp.o
Build Linux	Build	2026-02-21T16:19:08.6175452Z [ 17%] Building CXX object CMakeFiles/SonoBus_SBData.dir/juce_binarydata_SonoBus_SBData/JuceLibraryCode/BinaryData23.cpp.o
Build Linux	Build	2026-02-21T16:19:08.6438011Z [ 17%] Building CXX object CMakeFiles/SonoBus_SBData.dir/juce_binarydata_SonoBus_SBData/JuceLibraryCode/BinaryData24.cpp.o
Build Linux	Build	2026-02-21T16:19:08.6691055Z [ 17%] Building CXX object CMakeFiles/SonoBus_SBData.dir/juce_binarydata_SonoBus_SBData/JuceLibraryCode/BinaryData25.cpp.o
Build Linux	Build	2026-02-21T16:19:08.6958426Z [ 19%] Building CXX object CMakeFiles/SonoBus_SBData.dir/juce_binarydata_SonoBus_SBData/JuceLibraryCode/BinaryData26.cpp.o
Build Linux	Build	2026-02-21T16:19:08.7204236Z [ 19%] Building CXX object CMakeFiles/SonoBus_SBData.dir/juce_binarydata_SonoBus_SBData/JuceLibraryCode/BinaryData27.cpp.o
Build Linux	Build	2026-02-21T16:19:08.7457716Z [ 19%] Building CXX object CMakeFiles/SonoBus_SBData.dir/juce_binarydata_SonoBus_SBData/JuceLibraryCode/BinaryData28.cpp.o
Build Linux	Build	2026-02-21T16:19:08.7704774Z [ 19%] Building CXX object CMakeFiles/SonoBus_SBData.dir/juce_binarydata_SonoBus_SBData/JuceLibraryCode/BinaryData29.cpp.o
Build Linux	Build	2026-02-21T16:19:08.7946899Z [ 21%] Building CXX object CMakeFiles/SonoBus_SBData.dir/juce_binarydata_SonoBus_SBData/JuceLibraryCode/BinaryData30.cpp.o
Build Linux	Build	2026-02-21T16:19:08.8186849Z [ 21%] Building CXX object CMakeFiles/SonoBus_SBData.dir/juce_binarydata_SonoBus_SBData/JuceLibraryCode/BinaryData31.cpp.o
Build Linux	Build	2026-02-21T16:19:08.8437596Z [ 21%] Building CXX object CMakeFiles/SonoBus_SBData.dir/juce_binarydata_SonoBus_SBData/JuceLibraryCode/BinaryData32.cpp.o
Build Linux	Build	2026-02-21T16:19:08.8676066Z [ 23%] Building CXX object CMakeFiles/SonoBus_SBData.dir/juce_binarydata_SonoBus_SBData/JuceLibraryCode/BinaryData33.cpp.o
Build Linux	Build	2026-02-21T16:19:08.8926230Z [ 23%] Building CXX object CMakeFiles/SonoBus_SBData.dir/juce_binarydata_SonoBus_SBData/JuceLibraryCode/BinaryData34.cpp.o
Build Linux	Build	2026-02-21T16:19:08.9188925Z [ 23%] Building CXX object CMakeFiles/SonoBus_SBData.dir/juce_binarydata_SonoBus_SBData/JuceLibraryCode/BinaryData35.cpp.o
Build Linux	Build	2026-02-21T16:19:08.9438437Z [ 23%] Building CXX object CMakeFiles/SonoBus_SBData.dir/juce_binarydata_SonoBus_SBData/JuceLibraryCode/BinaryData36.cpp.o
Build Linux	Build	2026-02-21T16:19:08.9691327Z [ 25%] Building CXX object CMakeFiles/SonoBus_SBData.dir/juce_binarydata_SonoBus_SBData/JuceLibraryCode/BinaryData37.cpp.o
Build Linux	Build	2026-02-21T16:19:08.9925644Z [ 25%] Building CXX object CMakeFiles/SonoBus_SBData.dir/juce_binarydata_SonoBus_SBData/JuceLibraryCode/BinaryData38.cpp.o
Build Linux	Build	2026-02-21T16:19:09.0173963Z [ 25%] Building CXX object CMakeFiles/SonoBus_SBData.dir/juce_binarydata_SonoBus_SBData/JuceLibraryCode/BinaryData39.cpp.o
Build Linux	Build	2026-02-21T16:19:09.0423872Z [ 27%] Building CXX object CMakeFiles/SonoBus_SBData.dir/juce_binarydata_SonoBus_SBData/JuceLibraryCode/BinaryData40.cpp.o
Build Linux	Build	2026-02-21T16:19:09.0658995Z [ 27%] Building CXX object CMakeFiles/SonoBus_SBData.dir/juce_binarydata_SonoBus_SBData/JuceLibraryCode/BinaryData41.cpp.o
Build Linux	Build	2026-02-21T16:19:09.0916992Z [ 27%] Building CXX object CMakeFiles/SonoBus_SBData.dir/juce_binarydata_SonoBus_SBData/JuceLibraryCode/BinaryData42.cpp.o
Build Linux	Build	2026-02-21T16:19:09.1170942Z [ 27%] Building CXX object CMakeFiles/SonoBus_SBData.dir/juce_binarydata_SonoBus_SBData/JuceLibraryCode/BinaryData43.cpp.o
Build Linux	Build	2026-02-21T16:19:09.1420240Z [ 29%] Building CXX object CMakeFiles/SonoBus_SBData.dir/juce_binarydata_SonoBus_SBData/JuceLibraryCode/BinaryData44.cpp.o
Build Linux	Build	2026-02-21T16:19:09.1669861Z [ 29%] Building CXX object CMakeFiles/SonoBus_SBData.dir/juce_binarydata_SonoBus_SBData/JuceLibraryCode/BinaryData45.cpp.o
Build Linux	Build	2026-02-21T16:19:09.1925878Z [ 29%] Building CXX object CMakeFiles/SonoBus_SBData.dir/juce_binarydata_SonoBus_SBData/JuceLibraryCode/BinaryData46.cpp.o
Build Linux	Build	2026-02-21T16:19:09.2225275Z [ 31%] Building CXX object CMakeFiles/SonoBus_SBData.dir/juce_binarydata_SonoBus_SBData/JuceLibraryCode/BinaryData47.cpp.o
Build Linux	Build	2026-02-21T16:19:09.2476533Z [ 31%] Building CXX object CMakeFiles/SonoBus_SBData.dir/juce_binarydata_SonoBus_SBData/JuceLibraryCode/BinaryData48.cpp.o
Build Linux	Build	2026-02-21T16:19:09.2752079Z [ 31%] Building CXX object CMakeFiles/SonoBus_SBData.dir/juce_binarydata_SonoBus_SBData/JuceLibraryCode/BinaryData49.cpp.o
Build Linux	Build	2026-02-21T16:19:09.2975556Z [ 31%] Building CXX object CMakeFiles/SonoBus_SBData.dir/juce_binarydata_SonoBus_SBData/JuceLibraryCode/BinaryData50.cpp.o
Build Linux	Build	2026-02-21T16:19:09.2980344Z [ 31%] Building CXX object deps/aoo/aoo/CMakeFiles/AOO_STATIC.dir/src/resampler.cpp.o
Build Linux	Build	2026-02-21T16:19:09.3223206Z [ 33%] Building CXX object CMakeFiles/SonoBus_SBData.dir/juce_binarydata_SonoBus_SBData/JuceLibraryCode/BinaryData51.cpp.o
Build Linux	Build	2026-02-21T16:19:09.3455868Z [ 33%] Building CXX object CMakeFiles/SonoBus_SBData.dir/juce_binarydata_SonoBus_SBData/JuceLibraryCode/BinaryData52.cpp.o
Build Linux	Build	2026-02-21T16:19:09.3692696Z [ 33%] Building CXX object CMakeFiles/SonoBus_SBData.dir/juce_binarydata_SonoBus_SBData/JuceLibraryCode/BinaryData53.cpp.o
Build Linux	Build	2026-02-21T16:19:09.3930397Z [ 35%] Building CXX object CMakeFiles/SonoBus_SBData.dir/juce_binarydata_SonoBus_SBData/JuceLibraryCode/BinaryData54.cpp.o
Build Linux	Build	2026-02-21T16:19:09.4153201Z [ 35%] Building CXX object CMakeFiles/SonoBus_SBData.dir/juce_binarydata_SonoBus_SBData/JuceLibraryCode/BinaryData55.cpp.o
Build Linux	Build	2026-02-21T16:19:09.4403186Z [ 35%] Building CXX object CMakeFiles/SonoBus_SBData.dir/juce_binarydata_SonoBus_SBData/JuceLibraryCode/BinaryData56.cpp.o
Build Linux	Build	2026-02-21T16:19:09.4655610Z [ 35%] Building CXX object CMakeFiles/SonoBus_SBData.dir/juce_binarydata_SonoBus_SBData/JuceLibraryCode/BinaryData57.cpp.o
Build Linux	Build	2026-02-21T16:19:09.4914172Z [ 37%] Building CXX object CMakeFiles/SonoBus_SBData.dir/juce_binarydata_SonoBus_SBData/JuceLibraryCode/BinaryData58.cpp.o
Build Linux	Build	2026-02-21T16:19:09.5181183Z [ 37%] Building CXX object CMakeFiles/SonoBus_SBData.dir/juce_binarydata_SonoBus_SBData/JuceLibraryCode/BinaryData59.cpp.o
Build Linux	Build	2026-02-21T16:19:09.5442008Z [ 37%] Building CXX object CMakeFiles/SonoBus_SBData.dir/juce_binarydata_SonoBus_SBData/JuceLibraryCode/BinaryData60.cpp.o
Build Linux	Build	2026-02-21T16:19:09.5714233Z [ 39%] Building CXX object CMakeFiles/SonoBus_SBData.dir/juce_binarydata_SonoBus_SBData/JuceLibraryCode/BinaryData61.cpp.o
Build Linux	Build	2026-02-21T16:19:09.5989185Z [ 39%] Building CXX object CMakeFiles/SonoBus_SBData.dir/juce_binarydata_SonoBus_SBData/JuceLibraryCode/BinaryData62.cpp.o
Build Linux	Build	2026-02-21T16:19:09.6253626Z [ 39%] Building CXX object CMakeFiles/SonoBus_SBData.dir/juce_binarydata_SonoBus_SBData/JuceLibraryCode/BinaryData63.cpp.o
Build Linux	Build	2026-02-21T16:19:09.6525406Z [ 39%] Building CXX object CMakeFiles/SonoBus_SBData.dir/juce_binarydata_SonoBus_SBData/JuceLibraryCode/BinaryData64.cpp.o
Build Linux	Build	2026-02-21T16:19:09.6791472Z [ 41%] Building CXX object CMakeFiles/SonoBus_SBData.dir/juce_binarydata_SonoBus_SBData/JuceLibraryCode/BinaryData65.cpp.o
Build Linux	Build	2026-02-21T16:19:09.7084516Z [ 41%] Building CXX object CMakeFiles/SonoBus_SBData.dir/juce_binarydata_SonoBus_SBData/JuceLibraryCode/BinaryData66.cpp.o
Build Linux	Build	2026-02-21T16:19:09.7332614Z [ 41%] Building CXX object CMakeFiles/SonoBus_SBData.dir/juce_binarydata_SonoBus_SBData/JuceLibraryCode/BinaryData67.cpp.o
Build Linux	Build	2026-02-21T16:19:09.7599131Z [ 43%] Building CXX object CMakeFiles/SonoBus_SBData.dir/juce_binarydata_SonoBus_SBData/JuceLibraryCode/BinaryData68.cpp.o
Build Linux	Build	2026-02-21T16:19:09.7824490Z [ 43%] Building CXX object CMakeFiles/SonoBus_SBData.dir/juce_binarydata_SonoBus_SBData/JuceLibraryCode/BinaryData69.cpp.o
Build Linux	Build	2026-02-21T16:19:09.8060484Z [ 43%] Building CXX object CMakeFiles/SonoBus_SBData.dir/juce_binarydata_SonoBus_SBData/JuceLibraryCode/BinaryData70.cpp.o
Build Linux	Build	2026-02-21T16:19:09.8062336Z [ 43%] Building CXX object CMakeFiles/SonoBus_SBData.dir/juce_binarydata_SonoBus_SBData/JuceLibraryCode/BinaryData71.cpp.o
Build Linux	Build	2026-02-21T16:19:09.8305550Z [ 45%] Building CXX object deps/aoo/aoo/CMakeFiles/AOO_STATIC.dir/src/sink.cpp.o
Build Linux	Build	2026-02-21T16:19:09.8307144Z [ 47%] Building CXX object CMakeFiles/SonoBus_SBData.dir/juce_binarydata_SonoBus_SBData/JuceLibraryCode/BinaryData72.cpp.o
Build Linux	Build	2026-02-21T16:19:09.8548073Z [ 47%] Building CXX object CMakeFiles/SonoBus_SBData.dir/juce_binarydata_SonoBus_SBData/JuceLibraryCode/BinaryData73.cpp.o
Build Linux	Build	2026-02-21T16:19:09.8813076Z [ 47%] Building CXX object CMakeFiles/SonoBus_SBData.dir/juce_binarydata_SonoBus_SBData/JuceLibraryCode/BinaryData74.cpp.o
Build Linux	Build	2026-02-21T16:19:09.9035786Z [ 47%] Building CXX object CMakeFiles/SonoBus_SBData.dir/juce_binarydata_SonoBus_SBData/JuceLibraryCode/BinaryData75.cpp.o
Build Linux	Build	2026-02-21T16:19:09.9277761Z [ 49%] Building CXX object CMakeFiles/SonoBus_SBData.dir/juce_binarydata_SonoBus_SBData/JuceLibraryCode/BinaryData76.cpp.o
Build Linux	Build	2026-02-21T16:19:09.9529575Z [ 49%] Building CXX object CMakeFiles/SonoBus_SBData.dir/juce_binarydata_SonoBus_SBData/JuceLibraryCode/BinaryData77.cpp.o
Build Linux	Build	2026-02-21T16:19:09.9777954Z [ 49%] Building CXX object CMakeFiles/SonoBus_SBData.dir/juce_binarydata_SonoBus_SBData/JuceLibraryCode/BinaryData78.cpp.o
Build Linux	Build	2026-02-21T16:19:10.0022824Z [ 50%] Building CXX object CMakeFiles/SonoBus_SBData.dir/juce_binarydata_SonoBus_SBData/JuceLibraryCode/BinaryData79.cpp.o
Build Linux	Build	2026-02-21T16:19:10.0268150Z [ 50%] Building CXX object CMakeFiles/SonoBus_SBData.dir/juce_binarydata_SonoBus_SBData/JuceLibraryCode/BinaryData80.cpp.o
Build Linux	Build	2026-02-21T16:19:10.0506174Z [ 50%] Building CXX object CMakeFiles/SonoBus_SBData.dir/juce_binarydata_SonoBus_SBData/JuceLibraryCode/BinaryData81.cpp.o
Build Linux	Build	2026-02-21T16:19:10.0775318Z [ 50%] Building CXX object CMakeFiles/SonoBus_SBData.dir/juce_binarydata_SonoBus_SBData/JuceLibraryCode/BinaryData82.cpp.o
Build Linux	Build	2026-02-21T16:19:10.1008049Z [ 52%] Building CXX object CMakeFiles/SonoBus_SBData.dir/juce_binarydata_SonoBus_SBData/JuceLibraryCode/BinaryData83.cpp.o
Build Linux	Build	2026-02-21T16:19:10.1240995Z [ 52%] Building CXX object CMakeFiles/SonoBus_SBData.dir/juce_binarydata_SonoBus_SBData/JuceLibraryCode/BinaryData84.cpp.o
Build Linux	Build	2026-02-21T16:19:10.1481583Z [ 52%] Building CXX object CMakeFiles/SonoBus_SBData.dir/juce_binarydata_SonoBus_SBData/JuceLibraryCode/BinaryData85.cpp.o
Build Linux	Build	2026-02-21T16:19:10.1725281Z [ 54%] Building CXX object CMakeFiles/SonoBus_SBData.dir/juce_binarydata_SonoBus_SBData/JuceLibraryCode/BinaryData86.cpp.o
Build Linux	Build	2026-02-21T16:19:10.2050798Z [ 54%] Building CXX object CMakeFiles/SonoBus_SBData.dir/juce_binarydata_SonoBus_SBData/JuceLibraryCode/BinaryData87.cpp.o
Build Linux	Build	2026-02-21T16:19:10.2405856Z [ 54%] Building CXX object CMakeFiles/SonoBus_SBData.dir/juce_binarydata_SonoBus_SBData/JuceLibraryCode/BinaryData88.cpp.o
Build Linux	Build	2026-02-21T16:19:10.2526852Z [ 54%] Building CXX object deps/aoo/aoo/CMakeFiles/AOO_STATIC.dir/src/source.cpp.o
Build Linux	Build	2026-02-21T16:19:10.2636981Z [ 54%] Building CXX object CMakeFiles/SonoBus_SBData.dir/juce_binarydata_SonoBus_SBData/JuceLibraryCode/BinaryData89.cpp.o
Build Linux	Build	2026-02-21T16:19:10.2864517Z [ 56%] Building CXX object CMakeFiles/SonoBus_SBData.dir/juce_binarydata_SonoBus_SBData/JuceLibraryCode/BinaryData90.cpp.o
Build Linux	Build	2026-02-21T16:19:10.3093473Z [ 56%] Building CXX object CMakeFiles/SonoBus_SBData.dir/juce_binarydata_SonoBus_SBData/JuceLibraryCode/BinaryData91.cpp.o
Build Linux	Build	2026-02-21T16:19:10.3319985Z [ 56%] Building CXX object CMakeFiles/SonoBus_SBData.dir/juce_binarydata_SonoBus_SBData/JuceLibraryCode/BinaryData92.cpp.o
Build Linux	Build	2026-02-21T16:19:10.3547498Z [ 58%] Building CXX object CMakeFiles/SonoBus_SBData.dir/juce_binarydata_SonoBus_SBData/JuceLibraryCode/BinaryData93.cpp.o
Build Linux	Build	2026-02-21T16:19:10.3783608Z [ 58%] Building CXX object CMakeFiles/SonoBus_SBData.dir/juce_binarydata_SonoBus_SBData/JuceLibraryCode/BinaryData94.cpp.o
Build Linux	Build	2026-02-21T16:19:10.4007608Z [ 58%] Building CXX object CMakeFiles/SonoBus_SBData.dir/juce_binarydata_SonoBus_SBData/JuceLibraryCode/BinaryData95.cpp.o
Build Linux	Build	2026-02-21T16:19:10.4243269Z [ 58%] Building CXX object CMakeFiles/SonoBus_SBData.dir/juce_binarydata_SonoBus_SBData/JuceLibraryCode/BinaryData96.cpp.o
Build Linux	Build	2026-02-21T16:19:10.4514250Z [ 60%] Building CXX object CMakeFiles/SonoBus_SBData.dir/juce_binarydata_SonoBus_SBData/JuceLibraryCode/BinaryData97.cpp.o
Build Linux	Build	2026-02-21T16:19:10.4778102Z [ 60%] Linking CXX static library libSonoBus_SBData.a
Build Linux	Build	2026-02-21T16:19:10.8211443Z [ 60%] Building CXX object deps/aoo/aoo/CMakeFiles/AOO_STATIC.dir/__/deps/oscpack/osc/OscOutboundPacketStream.cpp.o
Build Linux	Build	2026-02-21T16:19:11.1332950Z [ 60%] Building CXX object deps/aoo/aoo/CMakeFiles/AOO_STATIC.dir/__/deps/oscpack/osc/OscReceivedElements.cpp.o
Build Linux	Build	2026-02-21T16:19:11.4612829Z [ 62%] Building CXX object deps/aoo/aoo/CMakeFiles/AOO_STATIC.dir/__/deps/oscpack/osc/OscTypes.cpp.o
Build Linux	Build	2026-02-21T16:19:11.4920195Z [ 62%] Building CXX object deps/aoo/aoo/CMakeFiles/AOO_STATIC.dir/src/codec/opus.cpp.o
Build Linux	Build	2026-02-21T16:19:12.9473466Z [ 62%] Building CXX object deps/aoo/aoo/CMakeFiles/AOO_STATIC.dir/src/net/client.cpp.o
Build Linux	Build	2026-02-21T16:19:13.0037455Z [ 64%] Building CXX object deps/aoo/aoo/CMakeFiles/AOO_STATIC.dir/src/net/client_endpoint.cpp.o
Build Linux	Build	2026-02-21T16:19:14.1420441Z [ 64%] Building CXX object deps/aoo/aoo/CMakeFiles/AOO_STATIC.dir/src/net/detail.cpp.o
Build Linux	Build	2026-02-21T16:19:14.9031223Z [ 64%] Building CXX object deps/aoo/aoo/CMakeFiles/AOO_STATIC.dir/src/net/message_buffer.cpp.o
Build Linux	Build	2026-02-21T16:19:15.0958616Z [ 64%] Building CXX object deps/aoo/aoo/CMakeFiles/AOO_STATIC.dir/src/net/peer.cpp.o
Build Linux	Build	2026-02-21T16:19:16.2970573Z [ 66%] Building CXX object deps/aoo/aoo/CMakeFiles/AOO_STATIC.dir/src/net/server.cpp.o
Build Linux	Build	2026-02-21T16:19:16.9076140Z [ 66%] Building C object deps/aoo/aoo/CMakeFiles/AOO_STATIC.dir/__/deps/md5/md5.c.o
Build Linux	Build	2026-02-21T16:19:19.2590609Z [ 66%] Linking CXX static library libaoo.a
Build Linux	Build	2026-02-21T16:19:19.7336215Z [ 66%] Built target AOO_STATIC
Build Linux	Build	2026-02-21T16:19:19.7563613Z [ 66%] Built target SonoBus_SBData
Build Linux	Build	2026-02-21T16:19:19.7603128Z [ 66%] Generating SonoBus_artefacts/JuceLibraryCode/JuceHeader.h
Build Linux	Build	2026-02-21T16:19:19.7713501Z [ 66%] Building CXX object CMakeFiles/SonoBus.dir/Source/CrossPlatformUtilsLinux.cpp.o
Build Linux	Build	2026-02-21T16:19:19.7719515Z [ 68%] Building CXX object CMakeFiles/SonoBus.dir/Source/AutoUpdater.cpp.o
Build Linux	Build	2026-02-21T16:19:19.7720942Z [ 68%] Building CXX object CMakeFiles/SonoBus.dir/Source/BeatToggleGrid.cpp.o
Build Linux	Build	2026-02-21T16:19:19.7722020Z [ 68%] Building CXX object CMakeFiles/SonoBus.dir/Source/ChannelGroup.cpp.o
Build Linux	Build	2026-02-21T16:19:24.7142562Z [ 70%] Building CXX object CMakeFiles/SonoBus.dir/Source/ChannelGroupsView.cpp.o
Build Linux	Build	2026-02-21T16:19:24.8392380Z [ 70%] Building CXX object CMakeFiles/SonoBus.dir/Source/ChatView.cpp.o
Build Linux	Build	2026-02-21T16:19:24.9693683Z [ 70%] Building CXX object CMakeFiles/SonoBus.dir/Source/ConnectView.cpp.o
Build Linux	Build	2026-02-21T16:19:25.4314964Z [ 70%] Building CXX object CMakeFiles/SonoBus.dir/Source/EffectParams.cpp.o
Build Linux	Build	2026-02-21T16:19:30.3886153Z [ 72%] Building CXX object CMakeFiles/SonoBus.dir/Source/GenericItemChooser.cpp.o
Build Linux	Build	2026-02-21T16:19:31.2792779Z [ 72%] Building CXX object CMakeFiles/SonoBus.dir/Source/JitterBufferMeter.cpp.o
Build Linux	Build	2026-02-21T16:19:31.5775280Z [ 72%] Building CXX object CMakeFiles/SonoBus.dir/Source/LatencyMatchView.cpp.o
Build Linux	Build	2026-02-21T16:19:32.9539456Z [ 74%] Building CXX object CMakeFiles/SonoBus.dir/Source/LatencyMeasurer.cpp.o
Build Linux	Build	2026-02-21T16:19:35.7632286Z [ 74%] Building CXX object CMakeFiles/SonoBus.dir/Source/Metronome.cpp.o
Build Linux	Build	2026-02-21T16:19:36.2262761Z [ 74%] Building CXX object CMakeFiles/SonoBus.dir/Source/OptionsView.cpp.o
Build Linux	Build	2026-02-21T16:19:37.5559871Z [ 74%] Building CXX object CMakeFiles/SonoBus.dir/Source/PeersContainerView.cpp.o
Build Linux	Build	2026-02-21T16:19:37.9404940Z [ 76%] Building CXX object CMakeFiles/SonoBus.dir/Source/RandomSentenceGenerator.cpp.o
Build Linux	Build	2026-02-21T16:19:40.7793715Z [ 76%] Building CXX object CMakeFiles/SonoBus.dir/Source/RunCumulantor.cpp.o
Build Linux	Build	2026-02-21T16:19:40.8095077Z [ 76%] Building CXX object CMakeFiles/SonoBus.dir/Source/SampleEditView.cpp.o
Build Linux	Build	2026-02-21T16:19:42.6423187Z [ 76%] Building CXX object CMakeFiles/SonoBus.dir/Source/SonoChoiceButton.cpp.o
Build Linux	Build	2026-02-21T16:19:43.1516178Z [ 78%] Building CXX object CMakeFiles/SonoBus.dir/Source/SonoDrawableButton.cpp.o
Build Linux	Build	2026-02-21T16:19:44.9416881Z [ 78%] Building CXX object CMakeFiles/SonoBus.dir/Source/SonoLookAndFeel.cpp.o
Build Linux	Build	2026-02-21T16:19:46.4665832Z [ 78%] Building CXX object CMakeFiles/SonoBus.dir/Source/SonoMultiStateDrawableButton.cpp.o
Build Linux	Build	2026-02-21T16:19:48.1683090Z [ 80%] Building CXX object CMakeFiles/SonoBus.dir/Source/SonoPlaybackProgressButton.cpp.o
Build Linux	Build	2026-02-21T16:19:48.3032742Z [ 80%] Building CXX object CMakeFiles/SonoBus.dir/Source/SonoStandaloneFilterApp.cpp.o
Build Linux	Build	2026-02-21T16:19:50.4127775Z [ 80%] Building CXX object CMakeFiles/SonoBus.dir/Source/SonoTextButton.cpp.o
Build Linux	Build	2026-02-21T16:19:51.4706084Z [ 80%] Building CXX object CMakeFiles/SonoBus.dir/Source/Soundboard.cpp.o
Build Linux	Build	2026-02-21T16:19:53.4615120Z [ 82%] Building CXX object CMakeFiles/SonoBus.dir/Source/SoundboardChannelProcessor.cpp.o
Build Linux	Build	2026-02-21T16:19:53.4686445Z In file included from /home/runner/work/sonobus/sonobus/Source/SonoStandaloneFilterApp.cpp:54:
Build Linux	Build	2026-02-21T16:19:53.4694616Z /home/runner/work/sonobus/sonobus/Source/SonoStandaloneFilterWindow.h: In member function ‘void juce::StandalonePluginHolder::reloadPluginState()’:
Build Linux	Build	2026-02-21T16:19:53.4697930Z /home/runner/work/sonobus/sonobus/Source/SonoStandaloneFilterWindow.h:497:33: warning: ‘void juce::MemoryBlock::replaceWith(const void*, size_t)’ is deprecated: Use the replaceAll method instead, which will also replace the data when numBytes == 0. [-Wdeprecated-declarations]
Build Linux	Build	2026-02-21T16:19:53.4700184Z   497 |                 data.replaceWith(filtxml.toUTF8(), filtxml.getNumBytesAsUTF8());
Build Linux	Build	2026-02-21T16:19:53.4700963Z       |                 ~~~~~~~~~~~~~~~~^~~~~~~~~~~~~~~~~~~~~~~~~~~~~~~~~~~~~~~~~~~~~~~
Build Linux	Build	2026-02-21T16:19:53.4702310Z In file included from /home/runner/work/sonobus/sonobus/deps/juce/modules/juce_core/juce_core.h:243,
Build Linux	Build	2026-02-21T16:19:53.4703650Z                  from /home/runner/work/sonobus/sonobus/deps/juce/modules/juce_graphics/juce_graphics.h:58,
Build Linux	Build	2026-02-21T16:19:53.4705375Z                  from /home/runner/work/sonobus/sonobus/deps/juce/modules/juce_gui_basics/juce_gui_basics.h:60,
Build Linux	Build	2026-02-21T16:19:53.4706717Z                  from /home/runner/work/sonobus/sonobus/deps/juce/modules/juce_audio_utils/juce_audio_utils.h:57,
Build Linux	Build	2026-02-21T16:19:53.4708045Z                  from /home/runner/work/sonobus/sonobus/build/SonoBus_artefacts/JuceLibraryCode/JuceHeader.h:14,
Build Linux	Build	2026-02-21T16:19:53.4709271Z                  from /home/runner/work/sonobus/sonobus/Source/SonoStandaloneFilterApp.cpp:31:
Build Linux	Build	2026-02-21T16:19:53.4710548Z /home/runner/work/sonobus/sonobus/deps/juce/modules/juce_core/memory/juce_MemoryBlock.h:274:10: note: declared here
Build Linux	Build	2026-02-21T16:19:53.4741918Z   274 |     void replaceWith (const void* srcData, size_t numBytes)
Build Linux	Build	2026-02-21T16:19:53.4742558Z       |          ^~~~~~~~~~~
Build Linux	Build	2026-02-21T16:19:53.5591946Z /home/runner/work/sonobus/sonobus/Source/SonoStandaloneFilterApp.cpp: In member function ‘bool juce::SonobusStandaloneFilterApp::loadSettingsFromFile(const juce::File&)’:
Build Linux	Build	2026-02-21T16:19:53.5595399Z /home/runner/work/sonobus/sonobus/Source/SonoStandaloneFilterApp.cpp:602:29: warning: ‘void juce::MemoryBlock::replaceWith(const void*, size_t)’ is deprecated: Use the replaceAll method instead, which will also replace the data when numBytes == 0. [-Wdeprecated-declarations]
Build Linux	Build	2026-02-21T16:19:53.5597569Z   602 |             data.replaceWith(filtxml.toUTF8(), filtxml.getNumBytesAsUTF8());
Build Linux	Build	2026-02-21T16:19:53.5598322Z       |             ~~~~~~~~~~~~~~~~^~~~~~~~~~~~~~~~~~~~~~~~~~~~~~~~~~~~~~~~~~~~~~~
Build Linux	Build	2026-02-21T16:19:53.5599338Z /home/runner/work/sonobus/sonobus/deps/juce/modules/juce_core/memory/juce_MemoryBlock.h:274:10: note: declared here
Build Linux	Build	2026-02-21T16:19:53.5600392Z   274 |     void replaceWith (const void* srcData, size_t numBytes)
Build Linux	Build	2026-02-21T16:19:53.5600935Z       |          ^~~~~~~~~~~
Build Linux	Build	2026-02-21T16:19:55.5352934Z [ 82%] Building CXX object CMakeFiles/SonoBus.dir/Source/SoundboardEditView.cpp.o
Build Linux	Build	2026-02-21T16:19:55.6122544Z [ 82%] Building CXX object CMakeFiles/SonoBus.dir/Source/SoundboardProcessor.cpp.o
Build Linux	Build	2026-02-21T16:19:56.4617053Z [ 84%] Building CXX object CMakeFiles/SonoBus.dir/Source/SoundboardView.cpp.o
Build Linux	Build	2026-02-21T16:19:59.2411478Z [ 84%] Building CXX object CMakeFiles/SonoBus.dir/Source/SoundSampleButtonColourPicker.cpp.o
Build Linux	Build	2026-02-21T16:20:00.6054128Z [ 84%] Building CXX object CMakeFiles/SonoBus.dir/Source/SonobusPluginEditor.cpp.o
Build Linux	Build	2026-02-21T16:20:01.2216371Z [ 84%] Building CXX object CMakeFiles/SonoBus.dir/Source/SonobusPluginProcessor.cpp.o
Build Linux	Build	2026-02-21T16:20:03.2276072Z [ 86%] Building CXX object CMakeFiles/SonoBus.dir/Source/VersionInfo.cpp.o
Build Linux	Build	2026-02-21T16:20:04.5668289Z [ 86%] Building CXX object CMakeFiles/SonoBus.dir/deps/juce/modules/juce_audio_plugin_client/juce_audio_plugin_client_utils.cpp.o
Build Linux	Build	2026-02-21T16:20:05.9653629Z /home/runner/work/sonobus/sonobus/Source/SonobusPluginEditor.cpp: In member function ‘bool SonobusAudioProcessorEditor::loadSettingsFromFile(const juce::File&)’:
Build Linux	Build	2026-02-21T16:20:05.9685929Z /home/runner/work/sonobus/sonobus/Source/SonobusPluginEditor.cpp:2638:25: warning: ‘void juce::MemoryBlock::replaceWith(const void*, size_t)’ is deprecated: Use the replaceAll method instead, which will also replace the data when numBytes == 0. [-Wdeprecated-declarations]
Build Linux	Build	2026-02-21T16:20:05.9688189Z  2638 |         data.replaceWith(filtxml.toUTF8(), filtxml.getNumBytesAsUTF8());
Build Linux	Build	2026-02-21T16:20:05.9689018Z       |         ~~~~~~~~~~~~~~~~^~~~~~~~~~~~~~~~~~~~~~~~~~~~~~~~~~~~~~~~~~~~~~~
Build Linux	Build	2026-02-21T16:20:05.9689942Z In file included from /home/runner/work/sonobus/sonobus/deps/juce/modules/juce_core/juce_core.h:243,
Build Linux	Build	2026-02-21T16:20:05.9691128Z                  from /home/runner/work/sonobus/sonobus/deps/juce/modules/juce_graphics/juce_graphics.h:58,
Build Linux	Build	2026-02-21T16:20:05.9692498Z                  from /home/runner/work/sonobus/sonobus/deps/juce/modules/juce_gui_basics/juce_gui_basics.h:60,
Build Linux	Build	2026-02-21T16:20:05.9693707Z                  from /home/runner/work/sonobus/sonobus/deps/juce/modules/juce_audio_utils/juce_audio_utils.h:57,
Build Linux	Build	2026-02-21T16:20:05.9694910Z                  from /home/runner/work/sonobus/sonobus/build/SonoBus_artefacts/JuceLibraryCode/JuceHeader.h:14,
Build Linux	Build	2026-02-21T16:20:05.9713211Z                  from /home/runner/work/sonobus/sonobus/Source/SonobusPluginProcessor.h:8,
Build Linux	Build	2026-02-21T16:20:05.9714161Z                  from /home/runner/work/sonobus/sonobus/Source/SonobusPluginEditor.cpp:6:
Build Linux	Build	2026-02-21T16:20:05.9715344Z /home/runner/work/sonobus/sonobus/deps/juce/modules/juce_core/memory/juce_MemoryBlock.h:274:10: note: declared here
Build Linux	Build	2026-02-21T16:20:05.9716396Z   274 |     void replaceWith (const void* srcData, size_t numBytes)
Build Linux	Build	2026-02-21T16:20:05.9716961Z       |          ^~~~~~~~~~~
Build Linux	Build	2026-02-21T16:20:06.5965801Z In file included from /home/runner/work/sonobus/sonobus/deps/juce/modules/juce_core/system/juce_StandardHeader.h:80,
Build Linux	Build	2026-02-21T16:20:06.5966957Z                  from /home/runner/work/sonobus/sonobus/deps/juce/modules/juce_core/juce_core.h:204,
Build Linux	Build	2026-02-21T16:20:06.5967866Z                  from /home/runner/work/sonobus/sonobus/deps/juce/modules/juce_graphics/juce_graphics.h:58,
Build Linux	Build	2026-02-21T16:20:06.5968862Z                  from /home/runner/work/sonobus/sonobus/deps/juce/modules/juce_gui_basics/juce_gui_basics.h:60,
Build Linux	Build	2026-02-21T16:20:06.5969843Z                  from /home/runner/work/sonobus/sonobus/deps/juce/modules/juce_audio_utils/juce_audio_utils.h:57,
Build Linux	Build	2026-02-21T16:20:06.5970855Z                  from /home/runner/work/sonobus/sonobus/build/SonoBus_artefacts/JuceLibraryCode/JuceHeader.h:14,
Build Linux	Build	2026-02-21T16:20:06.5971919Z                  from /home/runner/work/sonobus/sonobus/Source/SonobusPluginProcessor.h:8,
Build Linux	Build	2026-02-21T16:20:06.5972694Z                  from /home/runner/work/sonobus/sonobus/Source/SonobusPluginProcessor.cpp:6:
Build Linux	Build	2026-02-21T16:20:06.5974614Z /home/runner/work/sonobus/sonobus/Source/SonobusPluginProcessor.cpp: In member function ‘bool SonobusAudioProcessor::setWatchPublicGroups(bool)’:
Build Linux	Build	2026-02-21T16:20:06.5976381Z /home/runner/work/sonobus/sonobus/deps/juce/modules/juce_core/system/juce_PlatformDefs.h:272:42: note: ‘#pragma message: "IMPLEMENT PUBLIC GROUPS"’
Build Linux	Build	2026-02-21T16:20:06.5977655Z   272 |  #define JUCE_COMPILER_WARNING(message)  _Pragma(JUCE_STRINGIFY (JUCE_WARNING_HELPER (message)))
Build Linux	Build	2026-02-21T16:20:06.5978374Z       |                                          ^~~~~~~
Build Linux	Build	2026-02-21T16:20:06.5979604Z /home/runner/work/sonobus/sonobus/Source/SonobusPluginProcessor.cpp:1414:5: note: in expansion of macro ‘JUCE_COMPILER_WARNING’
Build Linux	Build	2026-02-21T16:20:06.5981113Z  1414 |     JUCE_COMPILER_WARNING ("IMPLEMENT PUBLIC GROUPS");
Build Linux	Build	2026-02-21T16:20:06.5981554Z       |     ^~~~~~~~~~~~~~~~~~~~~
Build Linux	Build	2026-02-21T16:20:06.5983227Z /home/runner/work/sonobus/sonobus/Source/SonobusPluginProcessor.cpp: In member function ‘bool SonobusAudioProcessor::setupCommonAooSource()’:
Build Linux	Build	2026-02-21T16:20:06.5984959Z /home/runner/work/sonobus/sonobus/Source/SonobusPluginProcessor.cpp:1451:1: warning: no return statement in function returning non-void [-Wreturn-type]
Build Linux	Build	2026-02-21T16:20:06.5986039Z  1451 | }
Build Linux	Build	2026-02-21T16:20:06.5986285Z       | ^
Build Linux	Build	2026-02-21T16:20:06.6048044Z /home/runner/work/sonobus/sonobus/Source/SonobusPluginProcessor.cpp: In member function ‘bool SonobusAudioProcessor::setRequestRemotePeerSendAudioCodecFormat(int, int)’:
Build Linux	Build	2026-02-21T16:20:06.6050231Z /home/runner/work/sonobus/sonobus/deps/juce/modules/juce_core/system/juce_PlatformDefs.h:272:42: note: ‘#pragma message: "IMPLEMENT SOURCE CODEC CHANGE"’
Build Linux	Build	2026-02-21T16:20:06.6051576Z   272 |  #define JUCE_COMPILER_WARNING(message)  _Pragma(JUCE_STRINGIFY (JUCE_WARNING_HELPER (message)))
Build Linux	Build	2026-02-21T16:20:06.6052448Z       |                                          ^~~~~~~
Build Linux	Build	2026-02-21T16:20:06.6053465Z /home/runner/work/sonobus/sonobus/Source/SonobusPluginProcessor.cpp:1715:13: note: in expansion of macro ‘JUCE_COMPILER_WARNING’
Build Linux	Build	2026-02-21T16:20:06.6054497Z  1715 |             JUCE_COMPILER_WARNING ("IMPLEMENT SOURCE CODEC CHANGE");
Build Linux	Build	2026-02-21T16:20:06.6055002Z       |             ^~~~~~~~~~~~~~~~~~~~~
Build Linux	Build	2026-02-21T16:20:06.6424497Z /home/runner/work/sonobus/sonobus/Source/SonobusPluginProcessor.cpp: In member function ‘int32_t SonobusAudioProcessor::handleAooSinkEvent(const AooEvent*, int32_t, juce::int32)’:
Build Linux	Build	2026-02-21T16:20:06.6426896Z /home/runner/work/sonobus/sonobus/deps/juce/modules/juce_core/system/juce_PlatformDefs.h:272:42: note: ‘#pragma message: "TODO: USERFORMAT"’
Build Linux	Build	2026-02-21T16:20:06.6428130Z   272 |  #define JUCE_COMPILER_WARNING(message)  _Pragma(JUCE_STRINGIFY (JUCE_WARNING_HELPER (message)))
Build Linux	Build	2026-02-21T16:20:06.6428826Z       |                                          ^~~~~~~
Build Linux	Build	2026-02-21T16:20:06.6429855Z /home/runner/work/sonobus/sonobus/Source/SonobusPluginProcessor.cpp:3781:21: note: in expansion of macro ‘JUCE_COMPILER_WARNING’
Build Linux	Build	2026-02-21T16:20:06.6430798Z  3781 |                     JUCE_COMPILER_WARNING ("TODO: USERFORMAT");
Build Linux	Build	2026-02-21T16:20:06.6431255Z       |                     ^~~~~~~~~~~~~~~~~~~~~
Build Linux	Build	2026-02-21T16:20:06.6914442Z /home/runner/work/sonobus/sonobus/Source/SonobusPluginProcessor.cpp: In member function ‘void SonobusAudioProcessor::setupSourceUserFormat(RemotePeer*, AooSource*)’:
Build Linux	Build	2026-02-21T16:20:06.6917066Z /home/runner/work/sonobus/sonobus/deps/juce/modules/juce_core/system/juce_PlatformDefs.h:272:42: note: ‘#pragma message: "TODO: USERFORMAT"’
Build Linux	Build	2026-02-21T16:20:06.6918654Z   272 |  #define JUCE_COMPILER_WARNING(message)  _Pragma(JUCE_STRINGIFY (JUCE_WARNING_HELPER (message)))
Build Linux	Build	2026-02-21T16:20:06.6919637Z       |                                          ^~~~~~~
Build Linux	Build	2026-02-21T16:20:06.6921026Z /home/runner/work/sonobus/sonobus/Source/SonobusPluginProcessor.cpp:6324:5: note: in expansion of macro ‘JUCE_COMPILER_WARNING’
Build Linux	Build	2026-02-21T16:20:06.6922518Z  6324 |     JUCE_COMPILER_WARNING ("TODO: USERFORMAT");
Build Linux	Build	2026-02-21T16:20:06.6923204Z       |     ^~~~~~~~~~~~~~~~~~~~~
Build Linux	Build	2026-02-21T16:20:07.8003463Z [ 86%] Building CXX object CMakeFiles/SonoBus.dir/deps/juce/modules/juce_audio_utils/juce_audio_utils.cpp.o
Build Linux	Build	2026-02-21T16:20:08.2799811Z [ 88%] Building CXX object CMakeFiles/SonoBus.dir/deps/juce/modules/juce_audio_processors/juce_audio_processors.cpp.o
Build Linux	Build	2026-02-21T16:20:08.2868935Z /home/runner/work/sonobus/sonobus/Source/SonobusPluginProcessor.cpp: In member function ‘int32_t SonobusAudioProcessor::sendPeerMessage(RemotePeer*, const AooByte*, int32_t)’:
Build Linux	Build	2026-02-21T16:20:08.2871570Z /home/runner/work/sonobus/sonobus/Source/SonobusPluginProcessor.cpp:3345:32: warning: control reaches end of non-void function [-Wreturn-type]
Build Linux	Build	2026-02-21T16:20:08.2874097Z  3345 |         mAooClient->sendMessage(peer->groupId, peer->userId, {kAooDataOSC, msg, (AooSize)n }, 0, 0);
Build Linux	Build	2026-02-21T16:20:08.2875473Z       |         ~~~~~~~~~~~~~~~~~~~~~~~^~~~~~~~~~~~~~~~~~~~~~~~~~~~~~~~~~~~~~~~~~~~~~~~~~~~~~~~~~~~~~~~~~~~
Build Linux	Build	2026-02-21T16:20:09.9432848Z [ 88%] Building CXX object CMakeFiles/SonoBus.dir/deps/juce/modules/juce_audio_processors/juce_audio_processors_ara.cpp.o
Build Linux	Build	2026-02-21T16:20:09.9627917Z [ 88%] Building CXX object CMakeFiles/SonoBus.dir/deps/juce/modules/juce_audio_processors/juce_audio_processors_lv2_libs.cpp.o
Build Linux	Build	2026-02-21T16:20:09.9813355Z [ 88%] Building CXX object CMakeFiles/SonoBus.dir/deps/juce/modules/juce_gui_extra/juce_gui_extra.cpp.o
Build Linux	Build	2026-02-21T16:20:10.9438187Z [ 90%] Building CXX object CMakeFiles/SonoBus.dir/deps/juce/modules/juce_gui_basics/juce_gui_basics.cpp.o
Build Linux	Build	2026-02-21T16:20:13.6564780Z In file included from /home/runner/work/sonobus/sonobus/deps/juce/modules/juce_gui_basics/juce_gui_basics.cpp:175:
Build Linux	Build	2026-02-21T16:20:13.6567328Z /home/runner/work/sonobus/sonobus/deps/juce/modules/juce_gui_basics/buttons/juce_Button.cpp: In member function ‘bool juce::Button::isInDragToScrollViewport() const’:
Build Linux	Build	2026-02-21T16:20:13.6572333Z /home/runner/work/sonobus/sonobus/deps/juce/modules/juce_gui_basics/buttons/juce_Button.cpp:466:41: warning: ‘bool juce::Viewport::isScrollOnDragEnabled() const’ is deprecated: Use getScrollOnDragMode instead. [-Wdeprecated-declarations]
Build Linux	Build	2026-02-21T16:20:13.6574220Z   466 |         return vp->isScrollOnDragEnabled() && (vp->canScrollVertically() || vp->canScrollHorizontally());
Build Linux	Build	2026-02-21T16:20:13.6574959Z       |                ~~~~~~~~~~~~~~~~~~~~~~~~~^~
Build Linux	Build	2026-02-21T16:20:13.6577657Z In file included from /home/runner/work/sonobus/sonobus/deps/juce/modules/juce_gui_basics/juce_gui_basics.h:233,
Build Linux	Build	2026-02-21T16:20:13.6580125Z                  from /home/runner/work/sonobus/sonobus/deps/juce/modules/juce_gui_basics/juce_gui_basics.cpp:46:
Build Linux	Build	2026-02-21T16:20:13.6581336Z /home/runner/work/sonobus/sonobus/deps/juce/modules/juce_gui_basics/layout/juce_Viewport.h:288:10: note: declared here
Build Linux	Build	2026-02-21T16:20:13.6582738Z   288 |     bool isScrollOnDragEnabled() const noexcept { return getScrollOnDragMode() == ScrollOnDragMode::all; }
Build Linux	Build	2026-02-21T16:20:13.6583478Z       |          ^~~~~~~~~~~~~~~~~~~~~
Build Linux	Build	2026-02-21T16:20:13.7784661Z [ 90%] Building CXX object CMakeFiles/SonoBus.dir/deps/juce/modules/juce_graphics/juce_graphics.cpp.o
Build Linux	Build	2026-02-21T16:20:13.8537981Z In file included from /home/runner/work/sonobus/sonobus/deps/juce/modules/juce_gui_basics/juce_gui_basics.cpp:196:
Build Linux	Build	2026-02-21T16:20:13.8541296Z /home/runner/work/sonobus/sonobus/deps/juce/modules/juce_gui_basics/filebrowser/juce_FileListComponent.cpp: In member function ‘bool juce::FileListComponent::ItemComponent::isInDragToScrollViewport() const’:
Build Linux	Build	2026-02-21T16:20:13.8564187Z /home/runner/work/sonobus/sonobus/deps/juce/modules/juce_gui_basics/filebrowser/juce_FileListComponent.cpp:133:45: warning: ‘bool juce::Viewport::isScrollOnDragEnabled() const’ is deprecated: Use getScrollOnDragMode instead. [-Wdeprecated-declarations]
Build Linux	Build	2026-02-21T16:20:13.8566943Z   133 |             return vp->isScrollOnDragEnabled() && (vp->canScrollVertically() || vp->canScrollHorizontally());
Build Linux	Build	2026-02-21T16:20:13.8568077Z       |                    ~~~~~~~~~~~~~~~~~~~~~~~~~^~
Build Linux	Build	2026-02-21T16:20:13.8569186Z /home/runner/work/sonobus/sonobus/deps/juce/modules/juce_gui_basics/layout/juce_Viewport.h:288:10: note: declared here
Build Linux	Build	2026-02-21T16:20:13.8570596Z   288 |     bool isScrollOnDragEnabled() const noexcept { return getScrollOnDragMode() == ScrollOnDragMode::all; }
Build Linux	Build	2026-02-21T16:20:13.8571526Z       |          ^~~~~~~~~~~~~~~~~~~~~
Build Linux	Build	2026-02-21T16:20:14.9163821Z In file included from /home/runner/work/sonobus/sonobus/deps/juce/modules/juce_gui_basics/juce_gui_basics.cpp:251:
Build Linux	Build	2026-02-21T16:20:14.9166413Z /home/runner/work/sonobus/sonobus/deps/juce/modules/juce_gui_basics/widgets/juce_TableListBox.cpp: In member function ‘bool juce::TableListBox::RowComp::isInDragToScrollViewport() const’:
Build Linux	Build	2026-02-21T16:20:14.9170083Z /home/runner/work/sonobus/sonobus/deps/juce/modules/juce_gui_basics/widgets/juce_TableListBox.cpp:175:45: warning: ‘bool juce::Viewport::isScrollOnDragEnabled() const’ is deprecated: Use getScrollOnDragMode instead. [-Wdeprecated-declarations]
Build Linux	Build	2026-02-21T16:20:14.9172520Z   175 |             return vp->isScrollOnDragEnabled() && (vp->canScrollVertically() || vp->canScrollHorizontally());
Build Linux	Build	2026-02-21T16:20:14.9173446Z       |                    ~~~~~~~~~~~~~~~~~~~~~~~~~^~
Build Linux	Build	2026-02-21T16:20:14.9174385Z /home/runner/work/sonobus/sonobus/deps/juce/modules/juce_gui_basics/layout/juce_Viewport.h:288:10: note: declared here
Build Linux	Build	2026-02-21T16:20:14.9175805Z   288 |     bool isScrollOnDragEnabled() const noexcept { return getScrollOnDragMode() == ScrollOnDragMode::all; }
Build Linux	Build	2026-02-21T16:20:14.9176730Z       |          ^~~~~~~~~~~~~~~~~~~~~
Build Linux	Build	2026-02-21T16:20:15.3875466Z [ 90%] Building CXX object CMakeFiles/SonoBus.dir/deps/juce/modules/juce_events/juce_events.cpp.o
Build Linux	Build	2026-02-21T16:20:15.5960416Z In file included from /home/runner/work/sonobus/sonobus/deps/juce/modules/juce_gui_basics/juce_gui_basics.cpp:256:
Build Linux	Build	2026-02-21T16:20:15.5964839Z /home/runner/work/sonobus/sonobus/deps/juce/modules/juce_gui_basics/widgets/juce_TreeView.cpp: In member function ‘bool juce::TreeView::ContentComponent::isInDragToScrollViewport() const’:
Build Linux	Build	2026-02-21T16:20:15.5984362Z /home/runner/work/sonobus/sonobus/deps/juce/modules/juce_gui_basics/widgets/juce_TreeView.cpp:286:45: warning: ‘bool juce::Viewport::isScrollOnDragEnabled() const’ is deprecated: Use getScrollOnDragMode instead. [-Wdeprecated-declarations]
Build Linux	Build	2026-02-21T16:20:15.5987040Z   286 |             return vp->isScrollOnDragEnabled() && (vp->canScrollVertically() || vp->canScrollHorizontally());
Build Linux	Build	2026-02-21T16:20:15.6003606Z       |                    ~~~~~~~~~~~~~~~~~~~~~~~~~^~
Build Linux	Build	2026-02-21T16:20:15.6005309Z /home/runner/work/sonobus/sonobus/deps/juce/modules/juce_gui_basics/layout/juce_Viewport.h:288:10: note: declared here
Build Linux	Build	2026-02-21T16:20:15.6007426Z   288 |     bool isScrollOnDragEnabled() const noexcept { return getScrollOnDragMode() == ScrollOnDragMode::all; }
Build Linux	Build	2026-02-21T16:20:15.6008964Z       |          ^~~~~~~~~~~~~~~~~~~~~
Build Linux	Build	2026-02-21T16:20:16.6424687Z [ 92%] Building CXX object CMakeFiles/SonoBus.dir/deps/juce/modules/juce_core/juce_core.cpp.o
Build Linux	Build	2026-02-21T16:20:18.1316489Z [ 92%] Building CXX object CMakeFiles/SonoBus.dir/deps/juce/modules/juce_data_structures/juce_data_structures.cpp.o
Build Linux	Build	2026-02-21T16:20:20.2134574Z [ 92%] Building CXX object CMakeFiles/SonoBus.dir/deps/juce/modules/juce_audio_basics/juce_audio_basics.cpp.o
Build Linux	Build	2026-02-21T16:20:23.3842279Z [ 92%] Building CXX object CMakeFiles/SonoBus.dir/deps/juce/modules/juce_audio_formats/juce_audio_formats.cpp.o
Build Linux	Build	2026-02-21T16:20:24.8172075Z [ 94%] Building CXX object CMakeFiles/SonoBus.dir/deps/juce/modules/juce_audio_devices/juce_audio_devices.cpp.o
Build Linux	Build	2026-02-21T16:20:24.9711472Z [ 94%] Building CXX object CMakeFiles/SonoBus.dir/deps/juce/modules/juce_dsp/juce_dsp.cpp.o
Build Linux	Build	2026-02-21T16:20:29.3740321Z [ 94%] Building CXX object CMakeFiles/SonoBus.dir/deps/juce/modules/juce_cryptography/juce_cryptography.cpp.o
Build Linux	Build	2026-02-21T16:20:30.3678770Z [ 96%] Building CXX object CMakeFiles/SonoBus.dir/deps/ff_meters/ff_meters.cpp.o
Build Linux	Build	2026-02-21T16:20:32.6717065Z [ 96%] Linking CXX static library SonoBus_artefacts/Release/libSonoBus_SharedCode.a
Build Linux	Build	2026-02-21T16:20:33.0981408Z [ 96%] Built target SonoBus
Build Linux	Build	2026-02-21T16:20:33.1061488Z [ 96%] Building CXX object CMakeFiles/SonoBus_Standalone.dir/deps/juce/modules/juce_audio_plugin_client/juce_audio_plugin_client_AAX.cpp.o
Build Linux	Build	2026-02-21T16:20:33.1063781Z [ 98%] Building CXX object CMakeFiles/SonoBus_Standalone.dir/deps/juce/modules/juce_audio_plugin_client/juce_audio_plugin_client_ARA.cpp.o
Build Linux	Build	2026-02-21T16:20:33.1067091Z [ 98%] Building CXX object CMakeFiles/SonoBus_Standalone.dir/deps/juce/modules/juce_audio_plugin_client/juce_audio_plugin_client_LV2.cpp.o
Build Linux	Build	2026-02-21T16:20:33.1069718Z [ 98%] Building CXX object CMakeFiles/SonoBus_Standalone.dir/deps/juce/modules/juce_audio_plugin_client/juce_audio_plugin_client_Standalone.cpp.o
Build Linux	Build	2026-02-21T16:20:33.1240872Z [ 98%] Building CXX object CMakeFiles/SonoBus_Standalone.dir/deps/juce/modules/juce_audio_plugin_client/juce_audio_plugin_client_Unity.cpp.o
Build Linux	Build	2026-02-21T16:20:33.1247156Z [100%] Building CXX object CMakeFiles/SonoBus_Standalone.dir/deps/juce/modules/juce_audio_plugin_client/juce_audio_plugin_client_VST2.cpp.o
Build Linux	Build	2026-02-21T16:20:33.1248693Z [100%] Building CXX object CMakeFiles/SonoBus_Standalone.dir/deps/juce/modules/juce_audio_plugin_client/juce_audio_plugin_client_VST3.cpp.o
Build Linux	Build	2026-02-21T16:20:35.4260844Z [100%] Linking CXX executable SonoBus_artefacts/Release/Standalone/sonobus
Build Linux	Build	2026-02-21T16:20:44.2330113Z lto-wrapper: warning: using serial compilation of 101 LTRANS jobs
Build Linux	Build	2026-02-21T16:20:44.2333169Z lto-wrapper: note: see the ‘-flto’ option documentation for more information
Build Linux	Build	2026-02-21T16:22:27.9960190Z [100%] Built target SonoBus_Standalone
Build Linux	Upload Artifacts	﻿2026-02-21T16:22:28.0112248Z ##[group]Run actions/upload-artifact@v4
Build Linux	Upload Artifacts	2026-02-21T16:22:28.0112548Z with:
Build Linux	Upload Artifacts	2026-02-21T16:22:28.0112746Z   name: SonoBus-Linux
Build Linux	Upload Artifacts	2026-02-21T16:22:28.0113004Z   path: build/SonoBus_artefacts/Release/Standalone/sonobus
Build Linux	Upload Artifacts	2026-02-21T16:22:28.0113312Z   if-no-files-found: warn
Build Linux	Upload Artifacts	2026-02-21T16:22:28.0113514Z   compression-level: 6
Build Linux	Upload Artifacts	2026-02-21T16:22:28.0113717Z   overwrite: false
Build Linux	Upload Artifacts	2026-02-21T16:22:28.0113905Z   include-hidden-files: false
Build Linux	Upload Artifacts	2026-02-21T16:22:28.0114120Z ##[endgroup]
Build Linux	Upload Artifacts	2026-02-21T16:22:28.2259045Z With the provided path, there will be 1 file uploaded
Build Linux	Upload Artifacts	2026-02-21T16:22:28.2265433Z Artifact name is valid!
Build Linux	Upload Artifacts	2026-02-21T16:22:28.2266681Z Root directory input is valid!
Build Linux	Upload Artifacts	2026-02-21T16:22:28.5007934Z Beginning upload of artifact content to blob storage
Build Linux	Upload Artifacts	2026-02-21T16:22:29.7216234Z Uploaded bytes 4285958
Build Linux	Upload Artifacts	2026-02-21T16:22:29.7953334Z Finished uploading artifact content to blob storage!
Build Linux	Upload Artifacts	2026-02-21T16:22:29.7957101Z SHA256 digest of uploaded artifact zip is bd8d4d2bf8aef2cbcdb60f1983e51cda0de15192d50549d0fce244a4ad685002
Build Linux	Upload Artifacts	2026-02-21T16:22:29.7958720Z Finalizing artifact upload
Build Linux	Upload Artifacts	2026-02-21T16:22:30.0035796Z Artifact SonoBus-Linux.zip successfully finalized. Artifact ID 5602140939
Build Linux	Upload Artifacts	2026-02-21T16:22:30.0037424Z Artifact SonoBus-Linux has been successfully uploaded! Final size is 4285958 bytes. Artifact ID is 5602140939
Build Linux	Upload Artifacts	2026-02-21T16:22:30.0043670Z Artifact download URL: https://github.com/altarofwisdom/sonobus/actions/runs/22260058998/artifacts/5602140939
Build Linux	Post Checkout	﻿2026-02-21T16:22:30.0197525Z Post job cleanup.
Build Linux	Post Checkout	2026-02-21T16:22:30.1135585Z [command]/usr/bin/git version
Build Linux	Post Checkout	2026-02-21T16:22:30.1172936Z git version 2.52.0
Build Linux	Post Checkout	2026-02-21T16:22:30.1216315Z Temporarily overriding HOME='/home/runner/work/_temp/5b375f87-f43a-4336-a4da-77aa5c5e6b4c' before making global git config changes
Build Linux	Post Checkout	2026-02-21T16:22:30.1217692Z Adding repository directory to the temporary git global config as a safe directory
Build Linux	Post Checkout	2026-02-21T16:22:30.1222576Z [command]/usr/bin/git config --global --add safe.directory /home/runner/work/sonobus/sonobus
Build Linux	Post Checkout	2026-02-21T16:22:30.1260129Z [command]/usr/bin/git config --local --name-only --get-regexp core\.sshCommand
Build Linux	Post Checkout	2026-02-21T16:22:30.1292592Z [command]/usr/bin/git submodule foreach --recursive sh -c "git config --local --name-only --get-regexp 'core\.sshCommand' && git config --local --unset-all 'core.sshCommand' || :"
Build Linux	Post Checkout	2026-02-21T16:22:30.1598583Z [command]/usr/bin/git config --local --name-only --get-regexp http\.https\:\/\/github\.com\/\.extraheader
Build Linux	Post Checkout	2026-02-21T16:22:30.1619812Z http.https://github.com/.extraheader
Build Linux	Post Checkout	2026-02-21T16:22:30.1632271Z [command]/usr/bin/git config --local --unset-all http.https://github.com/.extraheader
Build Linux	Post Checkout	2026-02-21T16:22:30.1662970Z [command]/usr/bin/git submodule foreach --recursive sh -c "git config --local --name-only --get-regexp 'http\.https\:\/\/github\.com\/\.extraheader' && git config --local --unset-all 'http.https://github.com/.extraheader' || :"
Build Linux	Post Checkout	2026-02-21T16:22:30.1891412Z [command]/usr/bin/git config --local --name-only --get-regexp ^includeIf\.gitdir:
Build Linux	Post Checkout	2026-02-21T16:22:30.1922466Z [command]/usr/bin/git submodule foreach --recursive git config --local --show-origin --name-only --get-regexp remote.origin.url
Build Linux	Complete job	﻿2026-02-21T16:22:30.2299066Z Cleaning up orphan processes
Build macOS	Set up job	﻿2026-02-21T16:17:34.6086310Z Current runner version: '2.331.0'
Build macOS	Set up job	2026-02-21T16:17:34.6090250Z Runner name: 'macOS'
Build macOS	Set up job	2026-02-21T16:17:34.6090630Z Runner group name: 'default'
Build macOS	Set up job	2026-02-21T16:17:34.6091150Z Machine name: 'M4-Mini'
Build macOS	Set up job	2026-02-21T16:17:34.6092540Z ##[group]GITHUB_TOKEN Permissions
Build macOS	Set up job	2026-02-21T16:17:34.6093640Z Contents: read
Build macOS	Set up job	2026-02-21T16:17:34.6093910Z Metadata: read
Build macOS	Set up job	2026-02-21T16:17:34.6094160Z Packages: read
Build macOS	Set up job	2026-02-21T16:17:34.6094410Z ##[endgroup]
Build macOS	Set up job	2026-02-21T16:17:34.6095400Z Secret source: Actions
Build macOS	Set up job	2026-02-21T16:17:34.6095720Z Prepare workflow directory
Build macOS	Set up job	2026-02-21T16:17:34.6650110Z Prepare all required actions
Build macOS	Set up job	2026-02-21T16:17:34.6673700Z Getting action download info
Build macOS	Set up job	2026-02-21T16:18:00.5490680Z Failed to resolve action download info. Error: An error occurred while sending the request.
Build macOS	Set up job	2026-02-21T16:18:00.5506480Z Retrying in 14,421 seconds
Build macOS	Set up job	2026-02-21T16:18:58.0043500Z Failed to resolve action download info. Error: An error occurred while sending the request.
Build macOS	Set up job	2026-02-21T16:18:58.0045300Z Retrying in 17,394 seconds
Build macOS	Set up job	2026-02-21T16:19:37.4502210Z Download action repository 'actions/checkout@v4' (SHA:34e114876b0b11c390a56381ad16ebd13914f8d5)
Build macOS	Set up job	2026-02-21T16:19:38.1575760Z Download action repository 'actions/upload-artifact@v4' (SHA:ea165f8d65b6e75b540449e92b4886f43607fa02)
Build macOS	Set up job	2026-02-21T16:19:38.8767940Z Complete job name: Build macOS
Build macOS	Checkout	﻿2026-02-21T16:19:38.9155230Z ##[group]Run actions/checkout@v4
Build macOS	Checkout	2026-02-21T16:19:38.9155610Z with:
Build macOS	Checkout	2026-02-21T16:19:38.9155740Z   repository: altarofwisdom/sonobus
Build macOS	Checkout	2026-02-21T16:19:38.9156130Z   token: ***
Build macOS	Checkout	2026-02-21T16:19:38.9156250Z   ssh-strict: true
Build macOS	Checkout	2026-02-21T16:19:38.9156370Z   ssh-user: git
Build macOS	Checkout	2026-02-21T16:19:38.9156490Z   persist-credentials: true
Build macOS	Checkout	2026-02-21T16:19:38.9156620Z   clean: true
Build macOS	Checkout	2026-02-21T16:19:38.9156770Z   sparse-checkout-cone-mode: true
Build macOS	Checkout	2026-02-21T16:19:38.9156900Z   fetch-depth: 1
Build macOS	Checkout	2026-02-21T16:19:38.9157010Z   fetch-tags: false
Build macOS	Checkout	2026-02-21T16:19:38.9157120Z   show-progress: true
Build macOS	Checkout	2026-02-21T16:19:38.9157240Z   lfs: false
Build macOS	Checkout	2026-02-21T16:19:38.9157330Z   submodules: false
Build macOS	Checkout	2026-02-21T16:19:38.9157450Z   set-safe-directory: true
Build macOS	Checkout	2026-02-21T16:19:38.9157640Z ##[endgroup]
Build macOS	Checkout	2026-02-21T16:19:39.2088810Z Syncing repository: altarofwisdom/sonobus
Build macOS	Checkout	2026-02-21T16:19:39.2090060Z ##[group]Getting Git version info
Build macOS	Checkout	2026-02-21T16:19:39.2090340Z Working directory is '/Users/yoto/Music/JUCE/actions-runner/_work/sonobus/sonobus'
Build macOS	Checkout	2026-02-21T16:19:39.2144140Z [command]/opt/homebrew/bin/git version
Build macOS	Checkout	2026-02-21T16:19:39.2347680Z git version 2.52.0
Build macOS	Checkout	2026-02-21T16:19:39.2374230Z ##[endgroup]
Build macOS	Checkout	2026-02-21T16:19:39.2384900Z Copying '/Users/yoto/.gitconfig' to '/Users/yoto/Music/JUCE/actions-runner/_work/_temp/fb2621d1-8382-458c-bb29-fcf5aa766cec/.gitconfig'
Build macOS	Checkout	2026-02-21T16:19:39.2389720Z Temporarily overriding HOME='/Users/yoto/Music/JUCE/actions-runner/_work/_temp/fb2621d1-8382-458c-bb29-fcf5aa766cec' before making global git config changes
Build macOS	Checkout	2026-02-21T16:19:39.2392720Z Adding repository directory to the temporary git global config as a safe directory
Build macOS	Checkout	2026-02-21T16:19:39.2393130Z [command]/opt/homebrew/bin/git config --global --add safe.directory /Users/yoto/Music/JUCE/actions-runner/_work/sonobus/sonobus
Build macOS	Checkout	2026-02-21T16:19:39.2553170Z [command]/opt/homebrew/bin/git config --local --get remote.origin.url
Build macOS	Checkout	2026-02-21T16:19:39.2647740Z https://github.com/altarofwisdom/sonobus
Build macOS	Checkout	2026-02-21T16:19:39.2658320Z ##[group]Removing previously created refs, to avoid conflicts
Build macOS	Checkout	2026-02-21T16:19:39.2660540Z [command]/opt/homebrew/bin/git rev-parse --symbolic-full-name --verify --quiet HEAD
Build macOS	Checkout	2026-02-21T16:19:39.2780770Z refs/heads/aoofreshest
Build macOS	Checkout	2026-02-21T16:19:39.2791010Z [command]/opt/homebrew/bin/git checkout --detach
Build macOS	Checkout	2026-02-21T16:19:39.3466930Z HEAD is now at b8042ac fix: correct Rectangle scope across all platforms
Build macOS	Checkout	2026-02-21T16:19:39.3595110Z [command]/opt/homebrew/bin/git branch --delete --force aoofreshest
Build macOS	Checkout	2026-02-21T16:19:39.3705160Z Deleted branch aoofreshest (was b8042ac).
Build macOS	Checkout	2026-02-21T16:19:39.3820610Z ##[endgroup]
Build macOS	Checkout	2026-02-21T16:19:39.3824270Z [command]/opt/homebrew/bin/git submodule status
Build macOS	Checkout	2026-02-21T16:19:39.5321280Z -6b6035ae4a29abbd237463d84a45fbeb0d92bc18 deps/aoo/deps/opus
Build macOS	Checkout	2026-02-21T16:19:39.5335670Z ##[group]Cleaning the repository
Build macOS	Checkout	2026-02-21T16:19:39.5338320Z [command]/opt/homebrew/bin/git clean -ffdx
Build macOS	Checkout	2026-02-21T16:19:39.6651120Z Removing build/
Build macOS	Checkout	2026-02-21T16:19:39.6661490Z [command]/opt/homebrew/bin/git reset --hard HEAD
Build macOS	Checkout	2026-02-21T16:19:39.7283660Z HEAD is now at b8042ac fix: correct Rectangle scope across all platforms
Build macOS	Checkout	2026-02-21T16:19:39.7295310Z ##[endgroup]
Build macOS	Checkout	2026-02-21T16:19:39.7296100Z ##[group]Disabling automatic garbage collection
Build macOS	Checkout	2026-02-21T16:19:39.7298940Z [command]/opt/homebrew/bin/git config --local gc.auto 0
Build macOS	Checkout	2026-02-21T16:19:39.7397460Z ##[endgroup]
Build macOS	Checkout	2026-02-21T16:19:39.7397940Z ##[group]Setting up auth
Build macOS	Checkout	2026-02-21T16:19:39.7401280Z [command]/opt/homebrew/bin/git config --local --name-only --get-regexp core\.sshCommand
Build macOS	Checkout	2026-02-21T16:19:39.7512640Z [command]/opt/homebrew/bin/git submodule foreach --recursive sh -c "git config --local --name-only --get-regexp 'core\.sshCommand' && git config --local --unset-all 'core.sshCommand' || :"
Build macOS	Checkout	2026-02-21T16:19:39.8658600Z [command]/opt/homebrew/bin/git config --local --name-only --get-regexp http\.https\:\/\/github\.com\/\.extraheader
Build macOS	Checkout	2026-02-21T16:19:39.8756640Z [command]/opt/homebrew/bin/git submodule foreach --recursive sh -c "git config --local --name-only --get-regexp 'http\.https\:\/\/github\.com\/\.extraheader' && git config --local --unset-all 'http.https://github.com/.extraheader' || :"
Build macOS	Checkout	2026-02-21T16:19:39.9710090Z [command]/opt/homebrew/bin/git config --local --name-only --get-regexp ^includeIf\.gitdir:
Build macOS	Checkout	2026-02-21T16:19:39.9809450Z [command]/opt/homebrew/bin/git submodule foreach --recursive git config --local --show-origin --name-only --get-regexp remote.origin.url
Build macOS	Checkout	2026-02-21T16:19:40.0796890Z [command]/opt/homebrew/bin/git config --local http.https://github.com/.extraheader AUTHORIZATION: basic ***
Build macOS	Checkout	2026-02-21T16:19:40.0895460Z ##[endgroup]
Build macOS	Checkout	2026-02-21T16:19:40.0895760Z ##[group]Fetching the repository
Build macOS	Checkout	2026-02-21T16:19:40.0904310Z [command]/opt/homebrew/bin/git -c protocol.version=2 fetch --no-tags --prune --no-recurse-submodules --depth=1 origin +3e3aa1f665f0e61e24f5bffcffca9ba5c7771f96:refs/remotes/origin/aoofreshest
Build macOS	Checkout	2026-02-21T16:19:40.5217250Z From https://github.com/altarofwisdom/sonobus
Build macOS	Checkout	2026-02-21T16:19:40.5217640Z  + b8042ac...3e3aa1f 3e3aa1f665f0e61e24f5bffcffca9ba5c7771f96 -> origin/aoofreshest  (forced update)
Build macOS	Checkout	2026-02-21T16:19:40.5317630Z ##[endgroup]
Build macOS	Checkout	2026-02-21T16:19:40.5317930Z ##[group]Determining the checkout info
Build macOS	Checkout	2026-02-21T16:19:40.5318770Z ##[endgroup]
Build macOS	Checkout	2026-02-21T16:19:40.5322030Z [command]/opt/homebrew/bin/git sparse-checkout disable
Build macOS	Checkout	2026-02-21T16:19:40.5478920Z [command]/opt/homebrew/bin/git config --local --unset-all extensions.worktreeConfig
Build macOS	Checkout	2026-02-21T16:19:40.5572740Z ##[group]Checking out the ref
Build macOS	Checkout	2026-02-21T16:19:40.5574750Z [command]/opt/homebrew/bin/git checkout --progress --force -B aoofreshest refs/remotes/origin/aoofreshest
Build macOS	Checkout	2026-02-21T16:19:40.5808490Z Warning: you are leaving 1 commit behind, not connected to
Build macOS	Checkout	2026-02-21T16:19:40.5808750Z any of your branches:
Build macOS	Checkout	2026-02-21T16:19:40.5808860Z 
Build macOS	Checkout	2026-02-21T16:19:40.5808950Z   b8042ac fix: correct Rectangle scope across all platforms
Build macOS	Checkout	2026-02-21T16:19:40.5809090Z 
Build macOS	Checkout	2026-02-21T16:19:40.5809190Z If you want to keep it by creating a new branch, this may be a good time
Build macOS	Checkout	2026-02-21T16:19:40.5809350Z to do so with:
Build macOS	Checkout	2026-02-21T16:19:40.5809410Z 
Build macOS	Checkout	2026-02-21T16:19:40.5809470Z  git branch <new-branch-name> b8042ac
Build macOS	Checkout	2026-02-21T16:19:40.5809560Z 
Build macOS	Checkout	2026-02-21T16:19:40.5821690Z Switched to a new branch 'aoofreshest'
Build macOS	Checkout	2026-02-21T16:19:40.5824940Z branch 'aoofreshest' set up to track 'origin/aoofreshest'.
Build macOS	Checkout	2026-02-21T16:19:40.5833600Z ##[endgroup]
Build macOS	Checkout	2026-02-21T16:19:40.5941170Z [command]/opt/homebrew/bin/git log -1 --format=%H
Build macOS	Checkout	2026-02-21T16:19:40.6027040Z 3e3aa1f665f0e61e24f5bffcffca9ba5c7771f96
Build macOS	Configure CMake	﻿2026-02-21T16:19:40.6171350Z ##[group]Run rm -rf build
Build macOS	Configure CMake	2026-02-21T16:19:40.6171540Z [36;1mrm -rf build[0m
Build macOS	Configure CMake	2026-02-21T16:19:40.6171670Z [36;1mcmake -B build -DCMAKE_BUILD_TYPE=Release[0m
Build macOS	Configure CMake	2026-02-21T16:19:40.6293460Z shell: /bin/bash -e {0}
Build macOS	Configure CMake	2026-02-21T16:19:40.6294190Z ##[endgroup]
Build macOS	Configure CMake	2026-02-21T16:19:41.4615120Z -- The C compiler identification is AppleClang 17.0.0.17000013
Build macOS	Configure CMake	2026-02-21T16:19:41.5605220Z -- The CXX compiler identification is AppleClang 17.0.0.17000013
Build macOS	Configure CMake	2026-02-21T16:19:41.5966220Z -- Detecting C compiler ABI info
Build macOS	Configure CMake	2026-02-21T16:19:41.7718500Z -- Detecting C compiler ABI info - done
Build macOS	Configure CMake	2026-02-21T16:19:41.7866710Z -- Check for working C compiler: /usr/bin/cc - skipped
Build macOS	Configure CMake	2026-02-21T16:19:41.7870040Z -- Detecting C compile features
Build macOS	Configure CMake	2026-02-21T16:19:41.7874330Z -- Detecting C compile features - done
Build macOS	Configure CMake	2026-02-21T16:19:41.7925900Z -- Detecting CXX compiler ABI info
Build macOS	Configure CMake	2026-02-21T16:19:41.9608940Z -- Detecting CXX compiler ABI info - done
Build macOS	Configure CMake	2026-02-21T16:19:41.9763200Z -- Check for working CXX compiler: /usr/bin/c++ - skipped
Build macOS	Configure CMake	2026-02-21T16:19:41.9764860Z -- Detecting CXX compile features
Build macOS	Configure CMake	2026-02-21T16:19:41.9768050Z -- Detecting CXX compile features - done
Build macOS	Configure CMake	2026-02-21T16:19:41.9792480Z CMake Deprecation Warning at deps/aoo/CMakeLists.txt:1 (cmake_minimum_required):
Build macOS	Configure CMake	2026-02-21T16:19:41.9792810Z   Compatibility with CMake < 3.10 will be removed from a future version of
Build macOS	Configure CMake	2026-02-21T16:19:41.9793020Z   CMake.
Build macOS	Configure CMake	2026-02-21T16:19:41.9793070Z 
Build macOS	Configure CMake	2026-02-21T16:19:41.9793190Z   Update the VERSION argument <min> value.  Or, use the <min>...<max> syntax
Build macOS	Configure CMake	2026-02-21T16:19:41.9793500Z   to tell CMake that the project requires at least <min> but has been updated
Build macOS	Configure CMake	2026-02-21T16:19:41.9793740Z   to work with policies introduced by <max> or earlier.
Build macOS	Configure CMake	2026-02-21T16:19:41.9793890Z 
Build macOS	Configure CMake	2026-02-21T16:19:41.9793890Z 
Build macOS	Configure CMake	2026-02-21T16:19:41.9793940Z -- Project: aoo
Build macOS	Configure CMake	2026-02-21T16:19:41.9823200Z -- Opus library: opus
Build macOS	Configure CMake	2026-02-21T16:19:41.9823340Z -- 
Build macOS	Configure CMake	2026-02-21T16:19:41.9823460Z *** Global settings ***
Build macOS	Configure CMake	2026-02-21T16:19:41.9823530Z 
Build macOS	Configure CMake	2026-02-21T16:19:41.9823590Z -- CMAKE_CXX_COMPILER_ID: AppleClang
Build macOS	Configure CMake	2026-02-21T16:19:41.9823750Z -- Build type: Release
Build macOS	Configure CMake	2026-02-21T16:19:41.9823880Z -- CMAKE_INSTALL_PREFIX: /usr/local
Build macOS	Configure CMake	2026-02-21T16:19:41.9824030Z -- Log level: Warning
Build macOS	Configure CMake	2026-02-21T16:19:41.9826670Z -- Performing Test HAVE_CXX_SSE
Build macOS	Configure CMake	2026-02-21T16:19:42.1571960Z -- Performing Test HAVE_CXX_SSE - Success
Build macOS	Configure CMake	2026-02-21T16:19:42.1575470Z -- Performing Test HAVE_CXX_SSE2
Build macOS	Configure CMake	2026-02-21T16:19:42.3196150Z -- Performing Test HAVE_CXX_SSE2 - Success
Build macOS	Configure CMake	2026-02-21T16:19:42.3200190Z -- Performing Test HAVE_CXX_SSE3
Build macOS	Configure CMake	2026-02-21T16:19:42.4833890Z -- Performing Test HAVE_CXX_SSE3 - Success
Build macOS	Configure CMake	2026-02-21T16:19:42.4837010Z -- Performing Test HAVE_CXX_SSE4
Build macOS	Configure CMake	2026-02-21T16:19:42.6506590Z -- Performing Test HAVE_CXX_SSE4 - Success
Build macOS	Configure CMake	2026-02-21T16:19:42.6509940Z -- Performing Test HAVE_CXX_FPMATH_SSE
Build macOS	Configure CMake	2026-02-21T16:19:42.7433470Z -- Performing Test HAVE_CXX_FPMATH_SSE - Failed
Build macOS	Configure CMake	2026-02-21T16:19:42.7433710Z -- Testing linker flag '-latomic'
Build macOS	Configure CMake	2026-02-21T16:19:42.8769740Z -- - failed
Build macOS	Configure CMake	2026-02-21T16:19:42.8769970Z -- Testing ATOMIC_DOUBLE support
Build macOS	Configure CMake	2026-02-21T16:19:43.1957440Z -- - ok
Build macOS	Configure CMake	2026-02-21T16:19:43.1957660Z -- Testing ATOMIC_INT64 support
Build macOS	Configure CMake	2026-02-21T16:19:43.4582080Z -- - ok
Build macOS	Configure CMake	2026-02-21T16:19:43.4582290Z -- Testing support for pthread_rwlock_t
Build macOS	Configure CMake	2026-02-21T16:19:43.6395820Z -- - ok
Build macOS	Configure CMake	2026-02-21T16:19:43.6396000Z -- Use Opus codec: ON
Build macOS	Configure CMake	2026-02-21T16:19:43.6396130Z -- Use AOO NET: ON
Build macOS	Configure CMake	2026-02-21T16:19:43.6396220Z -- 
Build macOS	Configure CMake	2026-02-21T16:19:43.6396290Z *** AOO library ***
Build macOS	Configure CMake	2026-02-21T16:19:43.6396370Z 
Build macOS	Configure CMake	2026-02-21T16:19:43.6403310Z -- Use custom allocator: OFF
Build macOS	Configure CMake	2026-02-21T16:19:43.6403530Z -- Default UDP packet size: 512
Build macOS	Configure CMake	2026-02-21T16:19:43.6403690Z -- Max. UDP packet size: 4096
Build macOS	Configure CMake	2026-02-21T16:19:43.6403810Z -- Use dynamic resampling: OFF
Build macOS	Configure CMake	2026-02-21T16:19:43.6403940Z -- Default DLL filter bandwidth: 0.0001
Build macOS	Configure CMake	2026-02-21T16:19:43.6404070Z -- Use binary data message: ON
Build macOS	Configure CMake	2026-02-21T16:19:43.6412450Z -- 
Build macOS	Configure CMake	2026-02-21T16:19:43.6412590Z *** AOO server ***
Build macOS	Configure CMake	2026-02-21T16:19:43.6412670Z 
Build macOS	Configure CMake	2026-02-21T16:19:43.7099650Z -- Configuring juceaide
Build macOS	Configure CMake	2026-02-21T16:19:44.3630580Z -- Building juceaide
Build macOS	Configure CMake	2026-02-21T16:20:00.4465540Z -- Exporting juceaide
Build macOS	Configure CMake	2026-02-21T16:20:00.9133160Z CMake Warning (dev) at deps/juce/extras/Build/CMake/JUCEUtils.cmake:605 (add_custom_command):
Build macOS	Configure CMake	2026-02-21T16:20:00.9133510Z   The following keywords are not supported when using
Build macOS	Configure CMake	2026-02-21T16:20:00.9137430Z   add_custom_command(TARGET): DEPENDS.
Build macOS	Configure CMake	2026-02-21T16:20:00.9137530Z 
Build macOS	Configure CMake	2026-02-21T16:20:00.9137660Z   Policy CMP0175 is not set: add_custom_command() rejects invalid arguments.
Build macOS	Configure CMake	2026-02-21T16:20:00.9137940Z   Run "cmake --help-policy CMP0175" for policy details.  Use the cmake_policy
Build macOS	Configure CMake	2026-02-21T16:20:00.9138170Z   command to set the policy and suppress this warning.
Build macOS	Configure CMake	2026-02-21T16:20:00.9138340Z Call Stack (most recent call first):
Build macOS	Configure CMake	2026-02-21T16:20:00.9138540Z   deps/juce/extras/Build/CMake/JUCEUtils.cmake:1085 (_juce_configure_bundle)
Build macOS	Configure CMake	2026-02-21T16:20:00.9138810Z   deps/juce/extras/Build/CMake/JUCEUtils.cmake:1226 (_juce_link_plugin_wrapper)
Build macOS	Configure CMake	2026-02-21T16:20:00.9139070Z   deps/juce/extras/Build/CMake/JUCEUtils.cmake:1767 (_juce_configure_plugin_targets)
Build macOS	Configure CMake	2026-02-21T16:20:00.9139290Z   CMakeLists.txt:172 (juce_add_plugin)
Build macOS	Configure CMake	2026-02-21T16:20:00.9139440Z   CMakeLists.txt:641 (sono_add_custom_plugin_target)
Build macOS	Configure CMake	2026-02-21T16:20:00.9139640Z This warning is for project developers.  Use -Wno-dev to suppress it.
Build macOS	Configure CMake	2026-02-21T16:20:00.9139780Z 
Build macOS	Configure CMake	2026-02-21T16:20:01.1576630Z CMake Warning (dev) at deps/juce/extras/Build/CMake/JUCEUtils.cmake:605 (add_custom_command):
Build macOS	Configure CMake	2026-02-21T16:20:01.1576960Z   The following keywords are not supported when using
Build macOS	Configure CMake	2026-02-21T16:20:01.1577110Z   add_custom_command(TARGET): DEPENDS.
Build macOS	Configure CMake	2026-02-21T16:20:01.1577200Z 
Build macOS	Configure CMake	2026-02-21T16:20:01.1577300Z   Policy CMP0175 is not set: add_custom_command() rejects invalid arguments.
Build macOS	Configure CMake	2026-02-21T16:20:01.1577590Z   Run "cmake --help-policy CMP0175" for policy details.  Use the cmake_policy
Build macOS	Configure CMake	2026-02-21T16:20:01.1577840Z   command to set the policy and suppress this warning.
Build macOS	Configure CMake	2026-02-21T16:20:01.1578000Z Call Stack (most recent call first):
Build macOS	Configure CMake	2026-02-21T16:20:01.1578170Z   deps/juce/extras/Build/CMake/JUCEUtils.cmake:1085 (_juce_configure_bundle)
Build macOS	Configure CMake	2026-02-21T16:20:01.1578440Z   deps/juce/extras/Build/CMake/JUCEUtils.cmake:1226 (_juce_link_plugin_wrapper)
Build macOS	Configure CMake	2026-02-21T16:20:01.1578690Z   deps/juce/extras/Build/CMake/JUCEUtils.cmake:1767 (_juce_configure_plugin_targets)
Build macOS	Configure CMake	2026-02-21T16:20:01.1578900Z   CMakeLists.txt:172 (juce_add_plugin)
Build macOS	Configure CMake	2026-02-21T16:20:01.1579070Z   CMakeLists.txt:641 (sono_add_custom_plugin_target)
Build macOS	Configure CMake	2026-02-21T16:20:01.1579390Z This warning is for project developers.  Use -Wno-dev to suppress it.
Build macOS	Configure CMake	2026-02-21T16:20:01.1579580Z 
Build macOS	Configure CMake	2026-02-21T16:20:01.4134760Z CMake Warning (dev) at deps/juce/extras/Build/CMake/JUCEUtils.cmake:605 (add_custom_command):
Build macOS	Configure CMake	2026-02-21T16:20:01.4135080Z   The following keywords are not supported when using
Build macOS	Configure CMake	2026-02-21T16:20:01.4135330Z   add_custom_command(TARGET): DEPENDS.
Build macOS	Configure CMake	2026-02-21T16:20:01.4135440Z 
Build macOS	Configure CMake	2026-02-21T16:20:01.4135550Z   Policy CMP0175 is not set: add_custom_command() rejects invalid arguments.
Build macOS	Configure CMake	2026-02-21T16:20:01.4135860Z   Run "cmake --help-policy CMP0175" for policy details.  Use the cmake_policy
Build macOS	Configure CMake	2026-02-21T16:20:01.4136150Z   command to set the policy and suppress this warning.
Build macOS	Configure CMake	2026-02-21T16:20:01.4136310Z Call Stack (most recent call first):
Build macOS	Configure CMake	2026-02-21T16:20:01.4136510Z   deps/juce/extras/Build/CMake/JUCEUtils.cmake:1085 (_juce_configure_bundle)
Build macOS	Configure CMake	2026-02-21T16:20:01.4136800Z   deps/juce/extras/Build/CMake/JUCEUtils.cmake:1226 (_juce_link_plugin_wrapper)
Build macOS	Configure CMake	2026-02-21T16:20:01.4137070Z   deps/juce/extras/Build/CMake/JUCEUtils.cmake:1767 (_juce_configure_plugin_targets)
Build macOS	Configure CMake	2026-02-21T16:20:01.4137320Z   CMakeLists.txt:172 (juce_add_plugin)
Build macOS	Configure CMake	2026-02-21T16:20:01.4137510Z   CMakeLists.txt:641 (sono_add_custom_plugin_target)
Build macOS	Configure CMake	2026-02-21T16:20:01.4137730Z This warning is for project developers.  Use -Wno-dev to suppress it.
Build macOS	Configure CMake	2026-02-21T16:20:01.4138030Z 
Build macOS	Configure CMake	2026-02-21T16:20:01.6783060Z CMake Warning (dev) at deps/juce/extras/Build/CMake/JUCEUtils.cmake:605 (add_custom_command):
Build macOS	Configure CMake	2026-02-21T16:20:01.6783390Z   The following keywords are not supported when using
Build macOS	Configure CMake	2026-02-21T16:20:01.6787600Z   add_custom_command(TARGET): DEPENDS.
Build macOS	Configure CMake	2026-02-21T16:20:01.6787780Z 
Build macOS	Configure CMake	2026-02-21T16:20:01.6787920Z   Policy CMP0175 is not set: add_custom_command() rejects invalid arguments.
Build macOS	Configure CMake	2026-02-21T16:20:01.6788190Z   Run "cmake --help-policy CMP0175" for policy details.  Use the cmake_policy
Build macOS	Configure CMake	2026-02-21T16:20:01.6788660Z   command to set the policy and suppress this warning.
Build macOS	Configure CMake	2026-02-21T16:20:01.6788830Z Call Stack (most recent call first):
Build macOS	Configure CMake	2026-02-21T16:20:01.6789030Z   deps/juce/extras/Build/CMake/JUCEUtils.cmake:1085 (_juce_configure_bundle)
Build macOS	Configure CMake	2026-02-21T16:20:01.6789300Z   deps/juce/extras/Build/CMake/JUCEUtils.cmake:1226 (_juce_link_plugin_wrapper)
Build macOS	Configure CMake	2026-02-21T16:20:01.6789590Z   deps/juce/extras/Build/CMake/JUCEUtils.cmake:1767 (_juce_configure_plugin_targets)
Build macOS	Configure CMake	2026-02-21T16:20:01.6789800Z   CMakeLists.txt:172 (juce_add_plugin)
Build macOS	Configure CMake	2026-02-21T16:20:01.6789960Z   CMakeLists.txt:647 (sono_add_custom_plugin_target)
Build macOS	Configure CMake	2026-02-21T16:20:01.6790140Z This warning is for project developers.  Use -Wno-dev to suppress it.
Build macOS	Configure CMake	2026-02-21T16:20:01.6790280Z 
Build macOS	Configure CMake	2026-02-21T16:20:01.7147450Z -- Configuring done (20.7s)
Build macOS	Configure CMake	2026-02-21T16:20:01.8806580Z -- Generating done (0.2s)
Build macOS	Configure CMake	2026-02-21T16:20:01.8810610Z -- Build files have been written to: /Users/yoto/Music/JUCE/actions-runner/_work/sonobus/sonobus/build
Build macOS	Build	﻿2026-02-21T16:20:01.8875200Z ##[group]Run cmake --build build --config Release --target SonoBus_Standalone --parallel 4
Build macOS	Build	2026-02-21T16:20:01.8875930Z [36;1mcmake --build build --config Release --target SonoBus_Standalone --parallel 4[0m
Build macOS	Build	2026-02-21T16:20:01.8988310Z shell: /bin/bash -e {0}
Build macOS	Build	2026-02-21T16:20:01.8988470Z ##[endgroup]
Build macOS	Build	2026-02-21T16:20:02.0907560Z [  0%] Generating juce_binarydata_SonoBus_SBData/JuceLibraryCode/BinaryData1.cpp, juce_binarydata_SonoBus_SBData/JuceLibraryCode/BinaryData2.cpp, juce_binarydata_SonoBus_SBData/JuceLibraryCode/BinaryData3.cpp, juce_binarydata_SonoBus_SBData/JuceLibraryCode/BinaryData4.cpp, juce_binarydata_SonoBus_SBData/JuceLibraryCode/BinaryData5.cpp, juce_binarydata_SonoBus_SBData/JuceLibraryCode/BinaryData6.cpp, juce_binarydata_SonoBus_SBData/JuceLibraryCode/BinaryData7.cpp, juce_binarydata_SonoBus_SBData/JuceLibraryCode/BinaryData8.cpp, juce_binarydata_SonoBus_SBData/JuceLibraryCode/BinaryData9.cpp, juce_binarydata_SonoBus_SBData/JuceLibraryCode/BinaryData10.cpp, juce_binarydata_SonoBus_SBData/JuceLibraryCode/BinaryData11.cpp, juce_binarydata_SonoBus_SBData/JuceLibraryCode/BinaryData12.cpp, juce_binarydata_SonoBus_SBData/JuceLibraryCode/BinaryData13.cpp, juce_binarydata_SonoBus_SBData/JuceLibraryCode/BinaryData14.cpp, juce_binarydata_SonoBus_SBData/JuceLibraryCode/BinaryData15.cpp, juce_binarydata_SonoBus_SBData/JuceLibraryCode/BinaryData16.cpp, juce_binarydata_SonoBus_SBData/JuceLibraryCode/BinaryData17.cpp, juce_binarydata_SonoBus_SBData/JuceLibraryCode/BinaryData18.cpp, juce_binarydata_SonoBus_SBData/JuceLibraryCode/BinaryData19.cpp, juce_binarydata_SonoBus_SBData/JuceLibraryCode/BinaryData20.cpp, juce_binarydata_SonoBus_SBData/JuceLibraryCode/BinaryData21.cpp, juce_binarydata_SonoBus_SBData/JuceLibraryCode/BinaryData22.cpp, juce_binarydata_SonoBus_SBData/JuceLibraryCode/BinaryData23.cpp, juce_binarydata_SonoBus_SBData/JuceLibraryCode/BinaryData24.cpp, juce_binarydata_SonoBus_SBData/JuceLibraryCode/BinaryData25.cpp, juce_binarydata_SonoBus_SBData/JuceLibraryCode/BinaryData26.cpp, juce_binarydata_SonoBus_SBData/JuceLibraryCode/BinaryData27.cpp, juce_binarydata_SonoBus_SBData/JuceLibraryCode/BinaryData28.cpp, juce_binarydata_SonoBus_SBData/JuceLibraryCode/BinaryData29.cpp, juce_binarydata_SonoBus_SBData/JuceLibraryCode/BinaryData30.cpp, juce_binarydata_SonoBus_SBData/JuceLibraryCode/BinaryData31.cpp, juce_binarydata_SonoBus_SBData/JuceLibraryCode/BinaryData32.cpp, juce_binarydata_SonoBus_SBData/JuceLibraryCode/BinaryData33.cpp, juce_binarydata_SonoBus_SBData/JuceLibraryCode/BinaryData34.cpp, juce_binarydata_SonoBus_SBData/JuceLibraryCode/BinaryData35.cpp, juce_binarydata_SonoBus_SBData/JuceLibraryCode/BinaryData36.cpp, juce_binarydata_SonoBus_SBData/JuceLibraryCode/BinaryData37.cpp, juce_binarydata_SonoBus_SBData/JuceLibraryCode/BinaryData38.cpp, juce_binarydata_SonoBus_SBData/JuceLibraryCode/BinaryData39.cpp, juce_binarydata_SonoBus_SBData/JuceLibraryCode/BinaryData40.cpp, juce_binarydata_SonoBus_SBData/JuceLibraryCode/BinaryData41.cpp, juce_binarydata_SonoBus_SBData/JuceLibraryCode/BinaryData42.cpp, juce_binarydata_SonoBus_SBData/JuceLibraryCode/BinaryData43.cpp, juce_binarydata_SonoBus_SBData/JuceLibraryCode/BinaryData44.cpp, juce_binarydata_SonoBus_SBData/JuceLibraryCode/BinaryData45.cpp, juce_binarydata_SonoBus_SBData/JuceLibraryCode/BinaryData46.cpp, juce_binarydata_SonoBus_SBData/JuceLibraryCode/BinaryData47.cpp, juce_binarydata_SonoBus_SBData/JuceLibraryCode/BinaryData48.cpp, juce_binarydata_SonoBus_SBData/JuceLibraryCode/BinaryData49.cpp, juce_binarydata_SonoBus_SBData/JuceLibraryCode/BinaryData50.cpp, juce_binarydata_SonoBus_SBData/JuceLibraryCode/BinaryData51.cpp, juce_binarydata_SonoBus_SBData/JuceLibraryCode/BinaryData52.cpp, juce_binarydata_SonoBus_SBData/JuceLibraryCode/BinaryData53.cpp, juce_binarydata_SonoBus_SBData/JuceLibraryCode/BinaryData54.cpp, juce_binarydata_SonoBus_SBData/JuceLibraryCode/BinaryData55.cpp, juce_binarydata_SonoBus_SBData/JuceLibraryCode/BinaryData56.cpp, juce_binarydata_SonoBus_SBData/JuceLibraryCode/BinaryData57.cpp, juce_binarydata_SonoBus_SBData/JuceLibraryCode/BinaryData58.cpp, juce_binarydata_SonoBus_SBData/JuceLibraryCode/BinaryData59.cpp, juce_binarydata_SonoBus_SBData/JuceLibraryCode/BinaryData60.cpp, juce_binarydata_SonoBus_SBData/JuceLibraryCode/BinaryData61.cpp, juce_binarydata_SonoBus_SBData/JuceLibraryCode/BinaryData62.cpp, juce_binarydata_SonoBus_SBData/JuceLibraryCode/BinaryData63.cpp, juce_binarydata_SonoBus_SBData/JuceLibraryCode/BinaryData64.cpp, juce_binarydata_SonoBus_SBData/JuceLibraryCode/BinaryData65.cpp, juce_binarydata_SonoBus_SBData/JuceLibraryCode/BinaryData66.cpp, juce_binarydata_SonoBus_SBData/JuceLibraryCode/BinaryData67.cpp, juce_binarydata_SonoBus_SBData/JuceLibraryCode/BinaryData68.cpp, juce_binarydata_SonoBus_SBData/JuceLibraryCode/BinaryData69.cpp, juce_binarydata_SonoBus_SBData/JuceLibraryCode/BinaryData70.cpp, juce_binarydata_SonoBus_SBData/JuceLibraryCode/BinaryData71.cpp, juce_binarydata_SonoBus_SBData/JuceLibraryCode/BinaryData72.cpp, juce_binarydata_SonoBus_SBData/JuceLibraryCode/BinaryData73.cpp, juce_binarydata_SonoBus_SBData/JuceLibraryCode/BinaryData74.cpp, juce_binarydata_SonoBus_SBData/JuceLibraryCode/BinaryData75.cpp, juce_binarydata_SonoBus_SBData/JuceLibraryCode/BinaryData76.cpp, juce_binarydata_SonoBus_SBData/JuceLibraryCode/BinaryData77.cpp, juce_binarydata_SonoBus_SBData/JuceLibraryCode/BinaryData78.cpp, juce_binarydata_SonoBus_SBData/JuceLibraryCode/BinaryData79.cpp, juce_binarydata_SonoBus_SBData/JuceLibraryCode/BinaryData80.cpp, juce_binarydata_SonoBus_SBData/JuceLibraryCode/BinaryData81.cpp, juce_binarydata_SonoBus_SBData/JuceLibraryCode/BinaryData82.cpp, juce_binarydata_SonoBus_SBData/JuceLibraryCode/BinaryData83.cpp, juce_binarydata_SonoBus_SBData/JuceLibraryCode/BinaryData84.cpp, juce_binarydata_SonoBus_SBData/JuceLibraryCode/BinaryData85.cpp, juce_binarydata_SonoBus_SBData/JuceLibraryCode/BinaryData86.cpp, juce_binarydata_SonoBus_SBData/JuceLibraryCode/BinaryData87.cpp, juce_binarydata_SonoBus_SBData/JuceLibraryCode/BinaryData88.cpp, juce_binarydata_SonoBus_SBData/JuceLibraryCode/BinaryData89.cpp, juce_binarydata_SonoBus_SBData/JuceLibraryCode/BinaryData90.cpp, juce_binarydata_SonoBus_SBData/JuceLibraryCode/BinaryData91.cpp, juce_binarydata_SonoBus_SBData/JuceLibraryCode/BinaryData92.cpp, juce_binarydata_SonoBus_SBData/JuceLibraryCode/BinaryData93.cpp, juce_binarydata_SonoBus_SBData/JuceLibraryCode/BinaryData94.cpp, juce_binarydata_SonoBus_SBData/JuceLibraryCode/BinaryData95.cpp, juce_binarydata_SonoBus_SBData/JuceLibraryCode/BinaryData96.cpp, juce_binarydata_SonoBus_SBData/JuceLibraryCode/BinaryData97.cpp, juce_binarydata_SonoBus_SBData/JuceLibraryCode/BinaryData.h
Build macOS	Build	2026-02-21T16:20:02.0993470Z [  0%] Building CXX object deps/aoo/aoo/CMakeFiles/AOO_STATIC.dir/__/common/net_utils.cpp.o
Build macOS	Build	2026-02-21T16:20:02.0993870Z [  0%] Building CXX object deps/aoo/aoo/CMakeFiles/AOO_STATIC.dir/__/common/tcp_server.cpp.o
Build macOS	Build	2026-02-21T16:20:02.0994210Z [  0%] Building CXX object deps/aoo/aoo/CMakeFiles/AOO_STATIC.dir/__/common/sync.cpp.o
Build macOS	Build	2026-02-21T16:20:02.6640010Z [  2%] Building CXX object deps/aoo/aoo/CMakeFiles/AOO_STATIC.dir/__/common/time.cpp.o
Build macOS	Build	2026-02-21T16:20:02.7273440Z [  2%] Building CXX object CMakeFiles/SonoBus_SBData.dir/juce_binarydata_SonoBus_SBData/JuceLibraryCode/BinaryData1.cpp.o
Build macOS	Build	2026-02-21T16:20:02.8470120Z [  4%] Building CXX object CMakeFiles/SonoBus_SBData.dir/juce_binarydata_SonoBus_SBData/JuceLibraryCode/BinaryData2.cpp.o
Build macOS	Build	2026-02-21T16:20:02.9057220Z [  4%] Building CXX object deps/aoo/aoo/CMakeFiles/AOO_STATIC.dir/__/common/udp_server.cpp.o
Build macOS	Build	2026-02-21T16:20:02.9232190Z [  4%] Building CXX object CMakeFiles/SonoBus_SBData.dir/juce_binarydata_SonoBus_SBData/JuceLibraryCode/BinaryData3.cpp.o
Build macOS	Build	2026-02-21T16:20:03.0097660Z [  4%] Building CXX object deps/aoo/aoo/CMakeFiles/AOO_STATIC.dir/src/aoo.cpp.o
Build macOS	Build	2026-02-21T16:20:03.2824590Z [  4%] Building CXX object CMakeFiles/SonoBus_SBData.dir/juce_binarydata_SonoBus_SBData/JuceLibraryCode/BinaryData4.cpp.o
Build macOS	Build	2026-02-21T16:20:03.3741160Z [  4%] Building CXX object deps/aoo/aoo/CMakeFiles/AOO_STATIC.dir/src/codec/null.cpp.o
Build macOS	Build	2026-02-21T16:20:03.5768700Z [  4%] Building CXX object CMakeFiles/SonoBus_SBData.dir/juce_binarydata_SonoBus_SBData/JuceLibraryCode/BinaryData5.cpp.o
Build macOS	Build	2026-02-21T16:20:03.6678720Z [  6%] Building CXX object CMakeFiles/SonoBus_SBData.dir/juce_binarydata_SonoBus_SBData/JuceLibraryCode/BinaryData6.cpp.o
Build macOS	Build	2026-02-21T16:20:03.7545630Z [  6%] Building CXX object CMakeFiles/SonoBus_SBData.dir/juce_binarydata_SonoBus_SBData/JuceLibraryCode/BinaryData7.cpp.o
Build macOS	Build	2026-02-21T16:20:03.7602620Z [  6%] Building CXX object CMakeFiles/SonoBus_SBData.dir/juce_binarydata_SonoBus_SBData/JuceLibraryCode/BinaryData8.cpp.o
Build macOS	Build	2026-02-21T16:20:03.8427800Z [  8%] Building CXX object deps/aoo/aoo/CMakeFiles/AOO_STATIC.dir/src/codec/pcm.cpp.o
Build macOS	Build	2026-02-21T16:20:03.8428890Z [  8%] Building CXX object CMakeFiles/SonoBus_SBData.dir/juce_binarydata_SonoBus_SBData/JuceLibraryCode/BinaryData9.cpp.o
Build macOS	Build	2026-02-21T16:20:03.9294240Z [ 10%] Building CXX object CMakeFiles/SonoBus_SBData.dir/juce_binarydata_SonoBus_SBData/JuceLibraryCode/BinaryData10.cpp.o
Build macOS	Build	2026-02-21T16:20:04.0224780Z [ 10%] Building CXX object CMakeFiles/SonoBus_SBData.dir/juce_binarydata_SonoBus_SBData/JuceLibraryCode/BinaryData11.cpp.o
Build macOS	Build	2026-02-21T16:20:04.1201520Z [ 10%] Building CXX object CMakeFiles/SonoBus_SBData.dir/juce_binarydata_SonoBus_SBData/JuceLibraryCode/BinaryData12.cpp.o
Build macOS	Build	2026-02-21T16:20:04.1495940Z [ 10%] Building CXX object CMakeFiles/SonoBus_SBData.dir/juce_binarydata_SonoBus_SBData/JuceLibraryCode/BinaryData13.cpp.o
Build macOS	Build	2026-02-21T16:20:04.2184520Z [ 12%] Building CXX object CMakeFiles/SonoBus_SBData.dir/juce_binarydata_SonoBus_SBData/JuceLibraryCode/BinaryData14.cpp.o
Build macOS	Build	2026-02-21T16:20:04.2223920Z [ 12%] Building CXX object CMakeFiles/SonoBus_SBData.dir/juce_binarydata_SonoBus_SBData/JuceLibraryCode/BinaryData15.cpp.o
Build macOS	Build	2026-02-21T16:20:04.2360510Z [ 12%] Building CXX object deps/aoo/aoo/CMakeFiles/AOO_STATIC.dir/src/packet_buffer.cpp.o
Build macOS	Build	2026-02-21T16:20:04.2732250Z [ 12%] Building CXX object deps/aoo/aoo/CMakeFiles/AOO_STATIC.dir/src/resampler.cpp.o
Build macOS	Build	2026-02-21T16:20:04.2764360Z [ 12%] Building CXX object CMakeFiles/SonoBus_SBData.dir/juce_binarydata_SonoBus_SBData/JuceLibraryCode/BinaryData16.cpp.o
Build macOS	Build	2026-02-21T16:20:04.3327310Z [ 12%] Building CXX object CMakeFiles/SonoBus_SBData.dir/juce_binarydata_SonoBus_SBData/JuceLibraryCode/BinaryData17.cpp.o
Build macOS	Build	2026-02-21T16:20:04.3839240Z [ 14%] Building CXX object CMakeFiles/SonoBus_SBData.dir/juce_binarydata_SonoBus_SBData/JuceLibraryCode/BinaryData18.cpp.o
Build macOS	Build	2026-02-21T16:20:04.4378990Z [ 14%] Building CXX object CMakeFiles/SonoBus_SBData.dir/juce_binarydata_SonoBus_SBData/JuceLibraryCode/BinaryData19.cpp.o
Build macOS	Build	2026-02-21T16:20:04.5082110Z [ 14%] Building CXX object CMakeFiles/SonoBus_SBData.dir/juce_binarydata_SonoBus_SBData/JuceLibraryCode/BinaryData20.cpp.o
Build macOS	Build	2026-02-21T16:20:04.5676590Z [ 16%] Building CXX object CMakeFiles/SonoBus_SBData.dir/juce_binarydata_SonoBus_SBData/JuceLibraryCode/BinaryData21.cpp.o
Build macOS	Build	2026-02-21T16:20:04.6291860Z [ 16%] Building CXX object CMakeFiles/SonoBus_SBData.dir/juce_binarydata_SonoBus_SBData/JuceLibraryCode/BinaryData22.cpp.o
Build macOS	Build	2026-02-21T16:20:04.6981520Z [ 16%] Building CXX object CMakeFiles/SonoBus_SBData.dir/juce_binarydata_SonoBus_SBData/JuceLibraryCode/BinaryData23.cpp.o
Build macOS	Build	2026-02-21T16:20:04.7512470Z [ 16%] Building CXX object CMakeFiles/SonoBus_SBData.dir/juce_binarydata_SonoBus_SBData/JuceLibraryCode/BinaryData24.cpp.o
Build macOS	Build	2026-02-21T16:20:04.7594950Z [ 18%] Building CXX object CMakeFiles/SonoBus_SBData.dir/juce_binarydata_SonoBus_SBData/JuceLibraryCode/BinaryData25.cpp.o
Build macOS	Build	2026-02-21T16:20:04.7995070Z [ 18%] Building CXX object deps/aoo/aoo/CMakeFiles/AOO_STATIC.dir/src/sink.cpp.o
Build macOS	Build	2026-02-21T16:20:04.8083100Z [ 18%] Building CXX object CMakeFiles/SonoBus_SBData.dir/juce_binarydata_SonoBus_SBData/JuceLibraryCode/BinaryData26.cpp.o
Build macOS	Build	2026-02-21T16:20:04.8589700Z [ 18%] Building CXX object CMakeFiles/SonoBus_SBData.dir/juce_binarydata_SonoBus_SBData/JuceLibraryCode/BinaryData27.cpp.o
Build macOS	Build	2026-02-21T16:20:04.9108570Z [ 18%] Building CXX object CMakeFiles/SonoBus_SBData.dir/juce_binarydata_SonoBus_SBData/JuceLibraryCode/BinaryData28.cpp.o
Build macOS	Build	2026-02-21T16:20:04.9691990Z [ 20%] Building CXX object CMakeFiles/SonoBus_SBData.dir/juce_binarydata_SonoBus_SBData/JuceLibraryCode/BinaryData29.cpp.o
Build macOS	Build	2026-02-21T16:20:05.0218050Z [ 20%] Building CXX object CMakeFiles/SonoBus_SBData.dir/juce_binarydata_SonoBus_SBData/JuceLibraryCode/BinaryData30.cpp.o
Build macOS	Build	2026-02-21T16:20:05.0868100Z [ 22%] Building CXX object CMakeFiles/SonoBus_SBData.dir/juce_binarydata_SonoBus_SBData/JuceLibraryCode/BinaryData31.cpp.o
Build macOS	Build	2026-02-21T16:20:05.0868660Z [ 22%] Building CXX object deps/aoo/aoo/CMakeFiles/AOO_STATIC.dir/src/source.cpp.o
Build macOS	Build	2026-02-21T16:20:05.1374490Z [ 22%] Building CXX object CMakeFiles/SonoBus_SBData.dir/juce_binarydata_SonoBus_SBData/JuceLibraryCode/BinaryData32.cpp.o
Build macOS	Build	2026-02-21T16:20:05.1902150Z [ 24%] Building CXX object CMakeFiles/SonoBus_SBData.dir/juce_binarydata_SonoBus_SBData/JuceLibraryCode/BinaryData33.cpp.o
Build macOS	Build	2026-02-21T16:20:05.2187390Z [ 24%] Building CXX object CMakeFiles/SonoBus_SBData.dir/juce_binarydata_SonoBus_SBData/JuceLibraryCode/BinaryData34.cpp.o
Build macOS	Build	2026-02-21T16:20:05.2428320Z [ 24%] Building CXX object CMakeFiles/SonoBus_SBData.dir/juce_binarydata_SonoBus_SBData/JuceLibraryCode/BinaryData35.cpp.o
Build macOS	Build	2026-02-21T16:20:05.2682870Z [ 24%] Building CXX object deps/aoo/aoo/CMakeFiles/AOO_STATIC.dir/__/deps/oscpack/osc/OscOutboundPacketStream.cpp.o
Build macOS	Build	2026-02-21T16:20:05.2933710Z [ 24%] Building CXX object CMakeFiles/SonoBus_SBData.dir/juce_binarydata_SonoBus_SBData/JuceLibraryCode/BinaryData36.cpp.o
Build macOS	Build	2026-02-21T16:20:05.3442800Z [ 26%] Building CXX object CMakeFiles/SonoBus_SBData.dir/juce_binarydata_SonoBus_SBData/JuceLibraryCode/BinaryData37.cpp.o
Build macOS	Build	2026-02-21T16:20:05.4014280Z [ 26%] Building CXX object CMakeFiles/SonoBus_SBData.dir/juce_binarydata_SonoBus_SBData/JuceLibraryCode/BinaryData38.cpp.o
Build macOS	Build	2026-02-21T16:20:05.4247940Z [ 26%] Building CXX object CMakeFiles/SonoBus_SBData.dir/juce_binarydata_SonoBus_SBData/JuceLibraryCode/BinaryData39.cpp.o
Build macOS	Build	2026-02-21T16:20:05.4526890Z [ 26%] Building CXX object deps/aoo/aoo/CMakeFiles/AOO_STATIC.dir/__/deps/oscpack/osc/OscReceivedElements.cpp.o
Build macOS	Build	2026-02-21T16:20:05.4747680Z [ 28%] Building CXX object CMakeFiles/SonoBus_SBData.dir/juce_binarydata_SonoBus_SBData/JuceLibraryCode/BinaryData40.cpp.o
Build macOS	Build	2026-02-21T16:20:05.5334580Z [ 28%] Building CXX object CMakeFiles/SonoBus_SBData.dir/juce_binarydata_SonoBus_SBData/JuceLibraryCode/BinaryData41.cpp.o
Build macOS	Build	2026-02-21T16:20:05.5843510Z [ 28%] Building CXX object CMakeFiles/SonoBus_SBData.dir/juce_binarydata_SonoBus_SBData/JuceLibraryCode/BinaryData42.cpp.o
Build macOS	Build	2026-02-21T16:20:05.6117600Z [ 28%] Building CXX object CMakeFiles/SonoBus_SBData.dir/juce_binarydata_SonoBus_SBData/JuceLibraryCode/BinaryData43.cpp.o
Build macOS	Build	2026-02-21T16:20:05.6338860Z [ 28%] Building CXX object deps/aoo/aoo/CMakeFiles/AOO_STATIC.dir/__/deps/oscpack/osc/OscTypes.cpp.o
Build macOS	Build	2026-02-21T16:20:05.6577700Z [ 30%] Building CXX object CMakeFiles/SonoBus_SBData.dir/juce_binarydata_SonoBus_SBData/JuceLibraryCode/BinaryData44.cpp.o
Build macOS	Build	2026-02-21T16:20:05.6827210Z [ 30%] Building CXX object CMakeFiles/SonoBus_SBData.dir/juce_binarydata_SonoBus_SBData/JuceLibraryCode/BinaryData45.cpp.o
Build macOS	Build	2026-02-21T16:20:05.7079460Z [ 32%] Building CXX object deps/aoo/aoo/CMakeFiles/AOO_STATIC.dir/src/codec/opus.cpp.o
Build macOS	Build	2026-02-21T16:20:05.7314600Z [ 32%] Building CXX object CMakeFiles/SonoBus_SBData.dir/juce_binarydata_SonoBus_SBData/JuceLibraryCode/BinaryData46.cpp.o
Build macOS	Build	2026-02-21T16:20:05.7873760Z [ 32%] Building CXX object CMakeFiles/SonoBus_SBData.dir/juce_binarydata_SonoBus_SBData/JuceLibraryCode/BinaryData47.cpp.o
Build macOS	Build	2026-02-21T16:20:05.8392790Z [ 34%] Building CXX object CMakeFiles/SonoBus_SBData.dir/juce_binarydata_SonoBus_SBData/JuceLibraryCode/BinaryData48.cpp.o
Build macOS	Build	2026-02-21T16:20:05.8973220Z [ 34%] Building CXX object CMakeFiles/SonoBus_SBData.dir/juce_binarydata_SonoBus_SBData/JuceLibraryCode/BinaryData49.cpp.o
Build macOS	Build	2026-02-21T16:20:05.9502120Z [ 34%] Building CXX object CMakeFiles/SonoBus_SBData.dir/juce_binarydata_SonoBus_SBData/JuceLibraryCode/BinaryData50.cpp.o
Build macOS	Build	2026-02-21T16:20:06.0012210Z [ 34%] Building CXX object CMakeFiles/SonoBus_SBData.dir/juce_binarydata_SonoBus_SBData/JuceLibraryCode/BinaryData51.cpp.o
Build macOS	Build	2026-02-21T16:20:06.0542050Z [ 36%] Building CXX object CMakeFiles/SonoBus_SBData.dir/juce_binarydata_SonoBus_SBData/JuceLibraryCode/BinaryData52.cpp.o
Build macOS	Build	2026-02-21T16:20:06.1087170Z [ 36%] Building CXX object CMakeFiles/SonoBus_SBData.dir/juce_binarydata_SonoBus_SBData/JuceLibraryCode/BinaryData53.cpp.o
Build macOS	Build	2026-02-21T16:20:06.1609770Z [ 36%] Building CXX object CMakeFiles/SonoBus_SBData.dir/juce_binarydata_SonoBus_SBData/JuceLibraryCode/BinaryData54.cpp.o
Build macOS	Build	2026-02-21T16:20:06.2125280Z [ 36%] Building CXX object CMakeFiles/SonoBus_SBData.dir/juce_binarydata_SonoBus_SBData/JuceLibraryCode/BinaryData55.cpp.o
Build macOS	Build	2026-02-21T16:20:06.2640920Z [ 38%] Building CXX object CMakeFiles/SonoBus_SBData.dir/juce_binarydata_SonoBus_SBData/JuceLibraryCode/BinaryData56.cpp.o
Build macOS	Build	2026-02-21T16:20:06.3151460Z [ 38%] Building CXX object CMakeFiles/SonoBus_SBData.dir/juce_binarydata_SonoBus_SBData/JuceLibraryCode/BinaryData57.cpp.o
Build macOS	Build	2026-02-21T16:20:06.3436980Z [ 38%] Building CXX object CMakeFiles/SonoBus_SBData.dir/juce_binarydata_SonoBus_SBData/JuceLibraryCode/BinaryData58.cpp.o
Build macOS	Build	2026-02-21T16:20:06.3649510Z [ 38%] Building CXX object CMakeFiles/SonoBus_SBData.dir/juce_binarydata_SonoBus_SBData/JuceLibraryCode/BinaryData59.cpp.o
Build macOS	Build	2026-02-21T16:20:06.3950880Z [ 38%] Building CXX object deps/aoo/aoo/CMakeFiles/AOO_STATIC.dir/src/net/client.cpp.o
Build macOS	Build	2026-02-21T16:20:06.4169500Z [ 40%] Building CXX object CMakeFiles/SonoBus_SBData.dir/juce_binarydata_SonoBus_SBData/JuceLibraryCode/BinaryData60.cpp.o
Build macOS	Build	2026-02-21T16:20:06.4689280Z [ 40%] Building CXX object CMakeFiles/SonoBus_SBData.dir/juce_binarydata_SonoBus_SBData/JuceLibraryCode/BinaryData61.cpp.o
Build macOS	Build	2026-02-21T16:20:06.4917850Z [ 40%] Building CXX object CMakeFiles/SonoBus_SBData.dir/juce_binarydata_SonoBus_SBData/JuceLibraryCode/BinaryData62.cpp.o
Build macOS	Build	2026-02-21T16:20:06.5188230Z [ 42%] Building CXX object CMakeFiles/SonoBus_SBData.dir/juce_binarydata_SonoBus_SBData/JuceLibraryCode/BinaryData63.cpp.o
Build macOS	Build	2026-02-21T16:20:06.5423370Z [ 42%] Building CXX object CMakeFiles/SonoBus_SBData.dir/juce_binarydata_SonoBus_SBData/JuceLibraryCode/BinaryData64.cpp.o
Build macOS	Build	2026-02-21T16:20:06.5698970Z [ 42%] Building CXX object deps/aoo/aoo/CMakeFiles/AOO_STATIC.dir/src/net/client_endpoint.cpp.o
Build macOS	Build	2026-02-21T16:20:06.5931780Z [ 42%] Building CXX object CMakeFiles/SonoBus_SBData.dir/juce_binarydata_SonoBus_SBData/JuceLibraryCode/BinaryData65.cpp.o
Build macOS	Build	2026-02-21T16:20:06.6527160Z [ 42%] Building CXX object CMakeFiles/SonoBus_SBData.dir/juce_binarydata_SonoBus_SBData/JuceLibraryCode/BinaryData66.cpp.o
Build macOS	Build	2026-02-21T16:20:06.7021180Z [ 44%] Building CXX object CMakeFiles/SonoBus_SBData.dir/juce_binarydata_SonoBus_SBData/JuceLibraryCode/BinaryData67.cpp.o
Build macOS	Build	2026-02-21T16:20:06.7138680Z [ 44%] Building CXX object deps/aoo/aoo/CMakeFiles/AOO_STATIC.dir/src/net/detail.cpp.o
Build macOS	Build	2026-02-21T16:20:06.7646380Z [ 44%] Building CXX object CMakeFiles/SonoBus_SBData.dir/juce_binarydata_SonoBus_SBData/JuceLibraryCode/BinaryData68.cpp.o
Build macOS	Build	2026-02-21T16:20:06.8267940Z [ 44%] Building CXX object CMakeFiles/SonoBus_SBData.dir/juce_binarydata_SonoBus_SBData/JuceLibraryCode/BinaryData69.cpp.o
Build macOS	Build	2026-02-21T16:20:06.8921660Z [ 44%] Building CXX object CMakeFiles/SonoBus_SBData.dir/juce_binarydata_SonoBus_SBData/JuceLibraryCode/BinaryData70.cpp.o
Build macOS	Build	2026-02-21T16:20:06.9540710Z [ 46%] Building CXX object CMakeFiles/SonoBus_SBData.dir/juce_binarydata_SonoBus_SBData/JuceLibraryCode/BinaryData71.cpp.o
Build macOS	Build	2026-02-21T16:20:07.0221870Z [ 46%] Building CXX object CMakeFiles/SonoBus_SBData.dir/juce_binarydata_SonoBus_SBData/JuceLibraryCode/BinaryData72.cpp.o
Build macOS	Build	2026-02-21T16:20:07.0924000Z [ 46%] Building CXX object CMakeFiles/SonoBus_SBData.dir/juce_binarydata_SonoBus_SBData/JuceLibraryCode/BinaryData73.cpp.o
Build macOS	Build	2026-02-21T16:20:07.1629420Z [ 46%] Building CXX object CMakeFiles/SonoBus_SBData.dir/juce_binarydata_SonoBus_SBData/JuceLibraryCode/BinaryData74.cpp.o
Build macOS	Build	2026-02-21T16:20:07.2248980Z [ 48%] Building CXX object CMakeFiles/SonoBus_SBData.dir/juce_binarydata_SonoBus_SBData/JuceLibraryCode/BinaryData75.cpp.o
Build macOS	Build	2026-02-21T16:20:07.2849930Z [ 48%] Building CXX object CMakeFiles/SonoBus_SBData.dir/juce_binarydata_SonoBus_SBData/JuceLibraryCode/BinaryData76.cpp.o
Build macOS	Build	2026-02-21T16:20:07.3419970Z [ 48%] Building CXX object CMakeFiles/SonoBus_SBData.dir/juce_binarydata_SonoBus_SBData/JuceLibraryCode/BinaryData77.cpp.o
Build macOS	Build	2026-02-21T16:20:07.3974360Z [ 48%] Building CXX object CMakeFiles/SonoBus_SBData.dir/juce_binarydata_SonoBus_SBData/JuceLibraryCode/BinaryData78.cpp.o
Build macOS	Build	2026-02-21T16:20:07.4562740Z [ 51%] Building CXX object CMakeFiles/SonoBus_SBData.dir/juce_binarydata_SonoBus_SBData/JuceLibraryCode/BinaryData79.cpp.o
Build macOS	Build	2026-02-21T16:20:07.5114760Z [ 51%] Building CXX object CMakeFiles/SonoBus_SBData.dir/juce_binarydata_SonoBus_SBData/JuceLibraryCode/BinaryData80.cpp.o
Build macOS	Build	2026-02-21T16:20:07.5512170Z [ 51%] Building CXX object CMakeFiles/SonoBus_SBData.dir/juce_binarydata_SonoBus_SBData/JuceLibraryCode/BinaryData81.cpp.o
Build macOS	Build	2026-02-21T16:20:07.5796680Z [ 53%] Building CXX object deps/aoo/aoo/CMakeFiles/AOO_STATIC.dir/src/net/message_buffer.cpp.o
Build macOS	Build	2026-02-21T16:20:07.6221250Z [ 55%] Building CXX object CMakeFiles/SonoBus_SBData.dir/juce_binarydata_SonoBus_SBData/JuceLibraryCode/BinaryData82.cpp.o
Build macOS	Build	2026-02-21T16:20:07.6774730Z [ 55%] Building CXX object CMakeFiles/SonoBus_SBData.dir/juce_binarydata_SonoBus_SBData/JuceLibraryCode/BinaryData83.cpp.o
Build macOS	Build	2026-02-21T16:20:07.7338750Z [ 55%] Building CXX object deps/aoo/aoo/CMakeFiles/AOO_STATIC.dir/src/net/peer.cpp.o
Build macOS	Build	2026-02-21T16:20:07.7339500Z [ 55%] Building CXX object CMakeFiles/SonoBus_SBData.dir/juce_binarydata_SonoBus_SBData/JuceLibraryCode/BinaryData84.cpp.o
Build macOS	Build	2026-02-21T16:20:07.7849210Z [ 55%] Building CXX object CMakeFiles/SonoBus_SBData.dir/juce_binarydata_SonoBus_SBData/JuceLibraryCode/BinaryData85.cpp.o
Build macOS	Build	2026-02-21T16:20:07.8400080Z [ 57%] Building CXX object CMakeFiles/SonoBus_SBData.dir/juce_binarydata_SonoBus_SBData/JuceLibraryCode/BinaryData86.cpp.o
Build macOS	Build	2026-02-21T16:20:07.8979770Z [ 57%] Building CXX object CMakeFiles/SonoBus_SBData.dir/juce_binarydata_SonoBus_SBData/JuceLibraryCode/BinaryData87.cpp.o
Build macOS	Build	2026-02-21T16:20:07.9693030Z [ 57%] Building CXX object CMakeFiles/SonoBus_SBData.dir/juce_binarydata_SonoBus_SBData/JuceLibraryCode/BinaryData88.cpp.o
Build macOS	Build	2026-02-21T16:20:08.0230780Z [ 57%] Building CXX object CMakeFiles/SonoBus_SBData.dir/juce_binarydata_SonoBus_SBData/JuceLibraryCode/BinaryData89.cpp.o
Build macOS	Build	2026-02-21T16:20:08.0774370Z [ 59%] Building CXX object CMakeFiles/SonoBus_SBData.dir/juce_binarydata_SonoBus_SBData/JuceLibraryCode/BinaryData90.cpp.o
Build macOS	Build	2026-02-21T16:20:08.1323800Z [ 59%] Building CXX object CMakeFiles/SonoBus_SBData.dir/juce_binarydata_SonoBus_SBData/JuceLibraryCode/BinaryData91.cpp.o
Build macOS	Build	2026-02-21T16:20:08.1877900Z [ 59%] Building CXX object CMakeFiles/SonoBus_SBData.dir/juce_binarydata_SonoBus_SBData/JuceLibraryCode/BinaryData92.cpp.o
Build macOS	Build	2026-02-21T16:20:08.2428350Z [ 59%] Building CXX object CMakeFiles/SonoBus_SBData.dir/juce_binarydata_SonoBus_SBData/JuceLibraryCode/BinaryData93.cpp.o
Build macOS	Build	2026-02-21T16:20:08.2976950Z [ 61%] Building CXX object CMakeFiles/SonoBus_SBData.dir/juce_binarydata_SonoBus_SBData/JuceLibraryCode/BinaryData94.cpp.o
Build macOS	Build	2026-02-21T16:20:08.3530250Z [ 61%] Building CXX object CMakeFiles/SonoBus_SBData.dir/juce_binarydata_SonoBus_SBData/JuceLibraryCode/BinaryData95.cpp.o
Build macOS	Build	2026-02-21T16:20:08.4115650Z [ 61%] Building CXX object CMakeFiles/SonoBus_SBData.dir/juce_binarydata_SonoBus_SBData/JuceLibraryCode/BinaryData96.cpp.o
Build macOS	Build	2026-02-21T16:20:08.4365020Z [ 61%] Building CXX object deps/aoo/aoo/CMakeFiles/AOO_STATIC.dir/src/net/server.cpp.o
Build macOS	Build	2026-02-21T16:20:08.4678340Z [ 61%] Building CXX object CMakeFiles/SonoBus_SBData.dir/juce_binarydata_SonoBus_SBData/JuceLibraryCode/BinaryData97.cpp.o
Build macOS	Build	2026-02-21T16:20:08.5235300Z [ 63%] Linking CXX static library libSonoBus_SBData.a
Build macOS	Build	2026-02-21T16:20:08.5915530Z [ 63%] Built target SonoBus_SBData
Build macOS	Build	2026-02-21T16:20:08.6010390Z [ 65%] Building C object deps/aoo/aoo/CMakeFiles/AOO_STATIC.dir/__/deps/md5/md5.c.o
Build macOS	Build	2026-02-21T16:20:10.1103080Z [ 65%] Linking CXX static library libaoo.a
Build macOS	Build	2026-02-21T16:20:10.1656610Z [ 65%] Built target AOO_STATIC
Build macOS	Build	2026-02-21T16:20:10.1781950Z [ 67%] Generating SonoBus_artefacts/JuceLibraryCode/JuceHeader.h
Build macOS	Build	2026-02-21T16:20:10.2343600Z [ 67%] Building CXX object CMakeFiles/SonoBus.dir/Source/BeatToggleGrid.cpp.o
Build macOS	Build	2026-02-21T16:20:10.2343990Z [ 67%] Building CXX object CMakeFiles/SonoBus.dir/Source/CrossPlatformUtilsMac.mm.o
Build macOS	Build	2026-02-21T16:20:10.2344310Z [ 67%] Building CXX object CMakeFiles/SonoBus.dir/Source/AutoUpdater.cpp.o
Build macOS	Build	2026-02-21T16:20:10.2348140Z [ 69%] Building CXX object CMakeFiles/SonoBus.dir/Source/ChannelGroup.cpp.o
Build macOS	Build	2026-02-21T16:20:11.2215280Z [ 69%] Building CXX object CMakeFiles/SonoBus.dir/Source/ChannelGroupsView.cpp.o
Build macOS	Build	2026-02-21T16:20:12.6225030Z [ 69%] Building CXX object CMakeFiles/SonoBus.dir/Source/ChatView.cpp.o
Build macOS	Build	2026-02-21T16:20:12.9383910Z [ 69%] Building CXX object CMakeFiles/SonoBus.dir/Source/ConnectView.cpp.o
Build macOS	Build	2026-02-21T16:20:13.0416620Z [ 71%] Building CXX object CMakeFiles/SonoBus.dir/Source/EffectParams.cpp.o
Build macOS	Build	2026-02-21T16:20:15.1686280Z [ 71%] Building CXX object CMakeFiles/SonoBus.dir/Source/GenericItemChooser.cpp.o
Build macOS	Build	2026-02-21T16:20:16.2019360Z [ 71%] Building CXX object CMakeFiles/SonoBus.dir/Source/JitterBufferMeter.cpp.o
Build macOS	Build	2026-02-21T16:20:16.4007070Z [ 71%] Building CXX object CMakeFiles/SonoBus.dir/Source/LatencyMatchView.cpp.o
Build macOS	Build	2026-02-21T16:20:17.4482790Z [ 73%] Building CXX object CMakeFiles/SonoBus.dir/Source/LatencyMeasurer.cpp.o
Build macOS	Build	2026-02-21T16:20:18.4654390Z [ 73%] Building CXX object CMakeFiles/SonoBus.dir/Source/Metronome.cpp.o
Build macOS	Build	2026-02-21T16:20:18.5252640Z [ 73%] Building CXX object CMakeFiles/SonoBus.dir/Source/OptionsView.cpp.o
Build macOS	Build	2026-02-21T16:20:19.4695100Z [ 73%] Building CXX object CMakeFiles/SonoBus.dir/Source/PeersContainerView.cpp.o
Build macOS	Build	2026-02-21T16:20:19.7722450Z [ 75%] Building CXX object CMakeFiles/SonoBus.dir/Source/RandomSentenceGenerator.cpp.o
Build macOS	Build	2026-02-21T16:20:20.6653150Z [ 75%] Building CXX object CMakeFiles/SonoBus.dir/Source/RunCumulantor.cpp.o
Build macOS	Build	2026-02-21T16:20:20.7236390Z [ 75%] Building CXX object CMakeFiles/SonoBus.dir/Source/SampleEditView.cpp.o
Build macOS	Build	2026-02-21T16:20:21.6646260Z [ 77%] Building CXX object CMakeFiles/SonoBus.dir/Source/SonoChoiceButton.cpp.o
Build macOS	Build	2026-02-21T16:20:22.2326460Z [ 77%] Building CXX object CMakeFiles/SonoBus.dir/Source/SonoDrawableButton.cpp.o
Build macOS	Build	2026-02-21T16:20:23.1639610Z [ 77%] Building CXX object CMakeFiles/SonoBus.dir/Source/SonoLookAndFeel.cpp.o
Build macOS	Build	2026-02-21T16:20:24.3044000Z [ 77%] Building CXX object CMakeFiles/SonoBus.dir/Source/SonoMultiStateDrawableButton.cpp.o
Build macOS	Build	2026-02-21T16:20:24.4892790Z [ 79%] Building CXX object CMakeFiles/SonoBus.dir/Source/SonoPlaybackProgressButton.cpp.o
Build macOS	Build	2026-02-21T16:20:24.4945690Z [ 79%] Building CXX object CMakeFiles/SonoBus.dir/Source/SonoStandaloneFilterApp.cpp.o
Build macOS	Build	2026-02-21T16:20:25.7046460Z In file included from /Users/yoto/Music/JUCE/actions-runner/_work/sonobus/sonobus/Source/SonoStandaloneFilterApp.cpp:54:
Build macOS	Build	2026-02-21T16:20:25.7047630Z /Users/yoto/Music/JUCE/actions-runner/_work/sonobus/sonobus/Source/SonoStandaloneFilterWindow.h:497:22: warning: 'replaceWith' is deprecated: Use the replaceAll method instead, which will also replace the data when numBytes == 0. [-Wdeprecated-declarations]
Build macOS	Build	2026-02-21T16:20:25.7053580Z   497 |                 data.replaceWith(filtxml.toUTF8(), filtxml.getNumBytesAsUTF8());
Build macOS	Build	2026-02-21T16:20:25.7053810Z       |                      ^
Build macOS	Build	2026-02-21T16:20:25.7054200Z /Users/yoto/Music/JUCE/actions-runner/_work/sonobus/sonobus/deps/juce/modules/juce_core/memory/juce_MemoryBlock.h:273:7: note: 'replaceWith' has been explicitly marked deprecated here
Build macOS	Build	2026-02-21T16:20:25.7073770Z   273 |     [[deprecated ("Use the replaceAll method instead, which will also replace the data when numBytes == 0.")]]
Build macOS	Build	2026-02-21T16:20:25.7074130Z       |       ^
Build macOS	Build	2026-02-21T16:20:25.7234590Z /Users/yoto/Music/JUCE/actions-runner/_work/sonobus/sonobus/Source/SonoStandaloneFilterApp.cpp:602:18: warning: 'replaceWith' is deprecated: Use the replaceAll method instead, which will also replace the data when numBytes == 0. [-Wdeprecated-declarations]
Build macOS	Build	2026-02-21T16:20:25.7235770Z   602 |             data.replaceWith(filtxml.toUTF8(), filtxml.getNumBytesAsUTF8());
Build macOS	Build	2026-02-21T16:20:25.7236100Z       |                  ^
Build macOS	Build	2026-02-21T16:20:25.7238580Z /Users/yoto/Music/JUCE/actions-runner/_work/sonobus/sonobus/deps/juce/modules/juce_core/memory/juce_MemoryBlock.h:273:7: note: 'replaceWith' has been explicitly marked deprecated here
Build macOS	Build	2026-02-21T16:20:25.7239100Z   273 |     [[deprecated ("Use the replaceAll method instead, which will also replace the data when numBytes == 0.")]]
Build macOS	Build	2026-02-21T16:20:25.7239360Z       |       ^
Build macOS	Build	2026-02-21T16:20:25.9819810Z [ 79%] Building CXX object CMakeFiles/SonoBus.dir/Source/SonoTextButton.cpp.o
Build macOS	Build	2026-02-21T16:20:26.6090470Z [ 79%] Building CXX object CMakeFiles/SonoBus.dir/Source/Soundboard.cpp.o
Build macOS	Build	2026-02-21T16:20:26.7979210Z 2 warnings generated.
Build macOS	Build	2026-02-21T16:20:27.0312360Z [ 81%] Building CXX object CMakeFiles/SonoBus.dir/Source/SoundboardChannelProcessor.cpp.o
Build macOS	Build	2026-02-21T16:20:27.9828940Z In file included from /Users/yoto/Music/JUCE/actions-runner/_work/sonobus/sonobus/Source/SonoStandaloneFilterApp.cpp:54:
Build macOS	Build	2026-02-21T16:20:27.9829790Z /Users/yoto/Music/JUCE/actions-runner/_work/sonobus/sonobus/Source/SonoStandaloneFilterWindow.h:497:22: warning: 'replaceWith' is deprecated: Use the replaceAll method instead, which will also replace the data when numBytes == 0. [-Wdeprecated-declarations]
Build macOS	Build	2026-02-21T16:20:27.9830610Z   497 |                 data.replaceWith(filtxml.toUTF8(), filtxml.getNumBytesAsUTF8());
Build macOS	Build	2026-02-21T16:20:27.9830850Z       |                      ^
Build macOS	Build	2026-02-21T16:20:27.9831240Z /Users/yoto/Music/JUCE/actions-runner/_work/sonobus/sonobus/deps/juce/modules/juce_core/memory/juce_MemoryBlock.h:273:7: note: 'replaceWith' has been explicitly marked deprecated here
Build macOS	Build	2026-02-21T16:20:27.9831810Z   273 |     [[deprecated ("Use the replaceAll method instead, which will also replace the data when numBytes == 0.")]]
Build macOS	Build	2026-02-21T16:20:27.9832120Z       |       ^
Build macOS	Build	2026-02-21T16:20:28.0014020Z /Users/yoto/Music/JUCE/actions-runner/_work/sonobus/sonobus/Source/SonoStandaloneFilterApp.cpp:602:18: warning: 'replaceWith' is deprecated: Use the replaceAll method instead, which will also replace the data when numBytes == 0. [-Wdeprecated-declarations]
Build macOS	Build	2026-02-21T16:20:28.0015090Z   602 |             data.replaceWith(filtxml.toUTF8(), filtxml.getNumBytesAsUTF8());
Build macOS	Build	2026-02-21T16:20:28.0015370Z       |                  ^
Build macOS	Build	2026-02-21T16:20:28.0015990Z /Users/yoto/Music/JUCE/actions-runner/_work/sonobus/sonobus/deps/juce/modules/juce_core/memory/juce_MemoryBlock.h:273:7: note: 'replaceWith' has been explicitly marked deprecated here
Build macOS	Build	2026-02-21T16:20:28.0016770Z   273 |     [[deprecated ("Use the replaceAll method instead, which will also replace the data when numBytes == 0.")]]
Build macOS	Build	2026-02-21T16:20:28.0017460Z       |       ^
Build macOS	Build	2026-02-21T16:20:28.2896180Z [ 81%] Building CXX object CMakeFiles/SonoBus.dir/Source/SoundboardEditView.cpp.o
Build macOS	Build	2026-02-21T16:20:28.9702850Z [ 81%] Building CXX object CMakeFiles/SonoBus.dir/Source/SoundboardProcessor.cpp.o
Build macOS	Build	2026-02-21T16:20:29.0758780Z 2 warnings generated.
Build macOS	Build	2026-02-21T16:20:29.1087620Z [ 81%] Building CXX object CMakeFiles/SonoBus.dir/Source/SoundboardView.cpp.o
Build macOS	Build	2026-02-21T16:20:29.8372320Z [ 83%] Building CXX object CMakeFiles/SonoBus.dir/Source/SoundSampleButtonColourPicker.cpp.o
Build macOS	Build	2026-02-21T16:20:30.8466980Z [ 83%] Building CXX object CMakeFiles/SonoBus.dir/Source/SonobusPluginEditor.cpp.o
Build macOS	Build	2026-02-21T16:20:32.0040100Z [ 83%] Building CXX object CMakeFiles/SonoBus.dir/Source/SonobusPluginProcessor.cpp.o
Build macOS	Build	2026-02-21T16:20:32.0577430Z /Users/yoto/Music/JUCE/actions-runner/_work/sonobus/sonobus/Source/SonobusPluginEditor.cpp:2638:14: warning: 'replaceWith' is deprecated: Use the replaceAll method instead, which will also replace the data when numBytes == 0. [-Wdeprecated-declarations]
Build macOS	Build	2026-02-21T16:20:32.0578260Z  2638 |         data.replaceWith(filtxml.toUTF8(), filtxml.getNumBytesAsUTF8());
Build macOS	Build	2026-02-21T16:20:32.0578490Z       |              ^
Build macOS	Build	2026-02-21T16:20:32.0578900Z /Users/yoto/Music/JUCE/actions-runner/_work/sonobus/sonobus/deps/juce/modules/juce_core/memory/juce_MemoryBlock.h:273:7: note: 'replaceWith' has been explicitly marked deprecated here
Build macOS	Build	2026-02-21T16:20:32.0579560Z   273 |     [[deprecated ("Use the replaceAll method instead, which will also replace the data when numBytes == 0.")]]
Build macOS	Build	2026-02-21T16:20:32.0585280Z       |       ^
Build macOS	Build	2026-02-21T16:20:32.1791520Z [ 83%] Building CXX object CMakeFiles/SonoBus.dir/Source/VersionInfo.cpp.o
Build macOS	Build	2026-02-21T16:20:33.2098960Z /Users/yoto/Music/JUCE/actions-runner/_work/sonobus/sonobus/Source/SonobusPluginProcessor.cpp:1414:5: warning: "IMPLEMENT PUBLIC GROUPS" [-W#pragma-messages]
Build macOS	Build	2026-02-21T16:20:33.2100080Z  1414 |     JUCE_COMPILER_WARNING ("IMPLEMENT PUBLIC GROUPS");
Build macOS	Build	2026-02-21T16:20:33.2100440Z       |     ^
Build macOS	Build	2026-02-21T16:20:33.2100860Z /Users/yoto/Music/JUCE/actions-runner/_work/sonobus/sonobus/deps/juce/modules/juce_core/system/juce_PlatformDefs.h:272:42: note: expanded from macro 'JUCE_COMPILER_WARNING'
Build macOS	Build	2026-02-21T16:20:33.2101430Z   272 |  #define JUCE_COMPILER_WARNING(message)  _Pragma(JUCE_STRINGIFY (JUCE_WARNING_HELPER (message)))
Build macOS	Build	2026-02-21T16:20:33.2101790Z       |                                          ^
Build macOS	Build	2026-02-21T16:20:33.2102120Z <scratch space>:194:2: note: expanded from here
Build macOS	Build	2026-02-21T16:20:33.2102340Z   194 |  message("\"IMPLEMENT PUBLIC GROUPS\"")
Build macOS	Build	2026-02-21T16:20:33.2102540Z       |  ^
Build macOS	Build	2026-02-21T16:20:33.2103690Z /Users/yoto/Music/JUCE/actions-runner/_work/sonobus/sonobus/Source/SonobusPluginProcessor.cpp:1451:1: warning: non-void function does not return a value [-Wreturn-type]
Build macOS	Build	2026-02-21T16:20:33.2104160Z  1451 | }
Build macOS	Build	2026-02-21T16:20:33.2104370Z       | ^
Build macOS	Build	2026-02-21T16:20:33.2140260Z /Users/yoto/Music/JUCE/actions-runner/_work/sonobus/sonobus/Source/SonobusPluginProcessor.cpp:1715:13: warning: "IMPLEMENT SOURCE CODEC CHANGE" [-W#pragma-messages]
Build macOS	Build	2026-02-21T16:20:33.2141270Z  1715 |             JUCE_COMPILER_WARNING ("IMPLEMENT SOURCE CODEC CHANGE");
Build macOS	Build	2026-02-21T16:20:33.2141660Z       |             ^
Build macOS	Build	2026-02-21T16:20:33.2142470Z /Users/yoto/Music/JUCE/actions-runner/_work/sonobus/sonobus/deps/juce/modules/juce_core/system/juce_PlatformDefs.h:272:42: note: expanded from macro 'JUCE_COMPILER_WARNING'
Build macOS	Build	2026-02-21T16:20:33.2144180Z   272 |  #define JUCE_COMPILER_WARNING(message)  _Pragma(JUCE_STRINGIFY (JUCE_WARNING_HELPER (message)))
Build macOS	Build	2026-02-21T16:20:33.2144510Z       |                                          ^
Build macOS	Build	2026-02-21T16:20:33.2144710Z <scratch space>:198:2: note: expanded from here
Build macOS	Build	2026-02-21T16:20:33.2144890Z   198 |  message("\"IMPLEMENT SOURCE CODEC CHANGE\"")
Build macOS	Build	2026-02-21T16:20:33.2145050Z       |  ^
Build macOS	Build	2026-02-21T16:20:33.2257860Z /Users/yoto/Music/JUCE/actions-runner/_work/sonobus/sonobus/Source/SonobusPluginProcessor.cpp:3351:1: warning: non-void function does not return a value in all control paths [-Wreturn-type]
Build macOS	Build	2026-02-21T16:20:33.2258470Z  3351 | }
Build macOS	Build	2026-02-21T16:20:33.2258610Z       | ^
Build macOS	Build	2026-02-21T16:20:33.2275980Z /Users/yoto/Music/JUCE/actions-runner/_work/sonobus/sonobus/Source/SonobusPluginProcessor.cpp:3781:21: warning: "TODO: USERFORMAT" [-W#pragma-messages]
Build macOS	Build	2026-02-21T16:20:33.2277080Z  3781 |                     JUCE_COMPILER_WARNING ("TODO: USERFORMAT");
Build macOS	Build	2026-02-21T16:20:33.2277990Z       |                     ^
Build macOS	Build	2026-02-21T16:20:33.2278450Z /Users/yoto/Music/JUCE/actions-runner/_work/sonobus/sonobus/deps/juce/modules/juce_core/system/juce_PlatformDefs.h:272:42: note: expanded from macro 'JUCE_COMPILER_WARNING'
Build macOS	Build	2026-02-21T16:20:33.2279010Z   272 |  #define JUCE_COMPILER_WARNING(message)  _Pragma(JUCE_STRINGIFY (JUCE_WARNING_HELPER (message)))
Build macOS	Build	2026-02-21T16:20:33.2279300Z       |                                          ^
Build macOS	Build	2026-02-21T16:20:33.2279510Z <scratch space>:202:2: note: expanded from here
Build macOS	Build	2026-02-21T16:20:33.2279690Z   202 |  message("\"TODO: USERFORMAT\"")
Build macOS	Build	2026-02-21T16:20:33.2279830Z       |  ^
Build macOS	Build	2026-02-21T16:20:33.2472700Z /Users/yoto/Music/JUCE/actions-runner/_work/sonobus/sonobus/Source/SonobusPluginProcessor.cpp:6324:5: warning: "TODO: USERFORMAT" [-W#pragma-messages]
Build macOS	Build	2026-02-21T16:20:33.2474060Z  6324 |     JUCE_COMPILER_WARNING ("TODO: USERFORMAT");
Build macOS	Build	2026-02-21T16:20:33.2474280Z       |     ^
Build macOS	Build	2026-02-21T16:20:33.2474730Z /Users/yoto/Music/JUCE/actions-runner/_work/sonobus/sonobus/deps/juce/modules/juce_core/system/juce_PlatformDefs.h:272:42: note: expanded from macro 'JUCE_COMPILER_WARNING'
Build macOS	Build	2026-02-21T16:20:33.2475860Z   272 |  #define JUCE_COMPILER_WARNING(message)  _Pragma(JUCE_STRINGIFY (JUCE_WARNING_HELPER (message)))
Build macOS	Build	2026-02-21T16:20:33.2476150Z       |                                          ^
Build macOS	Build	2026-02-21T16:20:33.2476410Z <scratch space>:206:2: note: expanded from here
Build macOS	Build	2026-02-21T16:20:33.2476630Z   206 |  message("\"TODO: USERFORMAT\"")
Build macOS	Build	2026-02-21T16:20:33.2476800Z       |  ^
Build macOS	Build	2026-02-21T16:20:33.3849930Z [ 85%] Building CXX object CMakeFiles/SonoBus.dir/deps/juce/modules/juce_audio_plugin_client/juce_audio_plugin_client_utils.cpp.o
Build macOS	Build	2026-02-21T16:20:33.9851940Z 1 warning generated.
Build macOS	Build	2026-02-21T16:20:34.5481300Z [ 85%] Building CXX object CMakeFiles/SonoBus.dir/deps/juce/modules/juce_audio_utils/juce_audio_utils.mm.o
Build macOS	Build	2026-02-21T16:20:35.2301290Z /Users/yoto/Music/JUCE/actions-runner/_work/sonobus/sonobus/Source/SonobusPluginEditor.cpp:2638:14: warning: 'replaceWith' is deprecated: Use the replaceAll method instead, which will also replace the data when numBytes == 0. [-Wdeprecated-declarations]
Build macOS	Build	2026-02-21T16:20:35.2302080Z  2638 |         data.replaceWith(filtxml.toUTF8(), filtxml.getNumBytesAsUTF8());
Build macOS	Build	2026-02-21T16:20:35.2302300Z       |              ^
Build macOS	Build	2026-02-21T16:20:35.2302710Z /Users/yoto/Music/JUCE/actions-runner/_work/sonobus/sonobus/deps/juce/modules/juce_core/memory/juce_MemoryBlock.h:273:7: note: 'replaceWith' has been explicitly marked deprecated here
Build macOS	Build	2026-02-21T16:20:35.2303230Z   273 |     [[deprecated ("Use the replaceAll method instead, which will also replace the data when numBytes == 0.")]]
Build macOS	Build	2026-02-21T16:20:35.2303490Z       |       ^
Build macOS	Build	2026-02-21T16:20:35.2598760Z [ 85%] Building CXX object CMakeFiles/SonoBus.dir/deps/juce/modules/juce_audio_processors/juce_audio_processors_ara.cpp.o
Build macOS	Build	2026-02-21T16:20:35.3318880Z [ 87%] Building CXX object CMakeFiles/SonoBus.dir/deps/juce/modules/juce_audio_processors/juce_audio_processors_lv2_libs.cpp.o
Build macOS	Build	2026-02-21T16:20:35.3881000Z [ 87%] Building CXX object CMakeFiles/SonoBus.dir/deps/juce/modules/juce_audio_processors/juce_audio_processors.mm.o
Build macOS	Build	2026-02-21T16:20:36.1032460Z 6 warnings generated.
Build macOS	Build	2026-02-21T16:20:37.1583500Z 1 warning generated.
Build macOS	Build	2026-02-21T16:20:37.1958480Z [ 87%] Building CXX object CMakeFiles/SonoBus.dir/deps/juce/modules/juce_gui_extra/juce_gui_extra.mm.o
Build macOS	Build	2026-02-21T16:20:37.2462470Z /Users/yoto/Music/JUCE/actions-runner/_work/sonobus/sonobus/Source/SonobusPluginProcessor.cpp:1414:5: warning: "IMPLEMENT PUBLIC GROUPS" [-W#pragma-messages]
Build macOS	Build	2026-02-21T16:20:37.2463080Z  1414 |     JUCE_COMPILER_WARNING ("IMPLEMENT PUBLIC GROUPS");
Build macOS	Build	2026-02-21T16:20:37.2463270Z       |     ^
Build macOS	Build	2026-02-21T16:20:37.2463640Z /Users/yoto/Music/JUCE/actions-runner/_work/sonobus/sonobus/deps/juce/modules/juce_core/system/juce_PlatformDefs.h:272:42: note: expanded from macro 'JUCE_COMPILER_WARNING'
Build macOS	Build	2026-02-21T16:20:37.2464210Z   272 |  #define JUCE_COMPILER_WARNING(message)  _Pragma(JUCE_STRINGIFY (JUCE_WARNING_HELPER (message)))
Build macOS	Build	2026-02-21T16:20:37.2465010Z       |                                          ^
Build macOS	Build	2026-02-21T16:20:37.2465190Z <scratch space>:325:2: note: expanded from here
Build macOS	Build	2026-02-21T16:20:37.2465360Z   325 |  message("\"IMPLEMENT PUBLIC GROUPS\"")
Build macOS	Build	2026-02-21T16:20:37.2465540Z       |  ^
Build macOS	Build	2026-02-21T16:20:37.2465900Z /Users/yoto/Music/JUCE/actions-runner/_work/sonobus/sonobus/Source/SonobusPluginProcessor.cpp:1451:1: warning: non-void function does not return a value [-Wreturn-type]
Build macOS	Build	2026-02-21T16:20:37.2466290Z  1451 | }
Build macOS	Build	2026-02-21T16:20:37.2466400Z       | ^
Build macOS	Build	2026-02-21T16:20:37.2494610Z /Users/yoto/Music/JUCE/actions-runner/_work/sonobus/sonobus/Source/SonobusPluginProcessor.cpp:1715:13: warning: "IMPLEMENT SOURCE CODEC CHANGE" [-W#pragma-messages]
Build macOS	Build	2026-02-21T16:20:37.2495300Z  1715 |             JUCE_COMPILER_WARNING ("IMPLEMENT SOURCE CODEC CHANGE");
Build macOS	Build	2026-02-21T16:20:37.2495610Z       |             ^
Build macOS	Build	2026-02-21T16:20:37.2496090Z /Users/yoto/Music/JUCE/actions-runner/_work/sonobus/sonobus/deps/juce/modules/juce_core/system/juce_PlatformDefs.h:272:42: note: expanded from macro 'JUCE_COMPILER_WARNING'
Build macOS	Build	2026-02-21T16:20:37.2496980Z   272 |  #define JUCE_COMPILER_WARNING(message)  _Pragma(JUCE_STRINGIFY (JUCE_WARNING_HELPER (message)))
Build macOS	Build	2026-02-21T16:20:37.2497260Z       |                                          ^
Build macOS	Build	2026-02-21T16:20:37.2497440Z <scratch space>:3:2: note: expanded from here
Build macOS	Build	2026-02-21T16:20:37.2497630Z     3 |  message("\"IMPLEMENT SOURCE CODEC CHANGE\"")
Build macOS	Build	2026-02-21T16:20:37.2497810Z       |  ^
Build macOS	Build	2026-02-21T16:20:37.2601190Z /Users/yoto/Music/JUCE/actions-runner/_work/sonobus/sonobus/Source/SonobusPluginProcessor.cpp:3351:1: warning: non-void function does not return a value in all control paths [-Wreturn-type]
Build macOS	Build	2026-02-21T16:20:37.2601900Z  3351 | }
Build macOS	Build	2026-02-21T16:20:37.2602000Z       | ^
Build macOS	Build	2026-02-21T16:20:37.2615150Z /Users/yoto/Music/JUCE/actions-runner/_work/sonobus/sonobus/Source/SonobusPluginProcessor.cpp:3781:21: warning: "TODO: USERFORMAT" [-W#pragma-messages]
Build macOS	Build	2026-02-21T16:20:37.2615710Z  3781 |                     JUCE_COMPILER_WARNING ("TODO: USERFORMAT");
Build macOS	Build	2026-02-21T16:20:37.2615950Z       |                     ^
Build macOS	Build	2026-02-21T16:20:37.2616360Z /Users/yoto/Music/JUCE/actions-runner/_work/sonobus/sonobus/deps/juce/modules/juce_core/system/juce_PlatformDefs.h:272:42: note: expanded from macro 'JUCE_COMPILER_WARNING'
Build macOS	Build	2026-02-21T16:20:37.2616890Z   272 |  #define JUCE_COMPILER_WARNING(message)  _Pragma(JUCE_STRINGIFY (JUCE_WARNING_HELPER (message)))
Build macOS	Build	2026-02-21T16:20:37.2617150Z       |                                          ^
Build macOS	Build	2026-02-21T16:20:37.2617310Z <scratch space>:7:2: note: expanded from here
Build macOS	Build	2026-02-21T16:20:37.2617520Z     7 |  message("\"TODO: USERFORMAT\"")
Build macOS	Build	2026-02-21T16:20:37.2617680Z       |  ^
Build macOS	Build	2026-02-21T16:20:37.2821550Z /Users/yoto/Music/JUCE/actions-runner/_work/sonobus/sonobus/Source/SonobusPluginProcessor.cpp:6324:5: warning: "TODO: USERFORMAT" [-W#pragma-messages]
Build macOS	Build	2026-02-21T16:20:37.2822190Z  6324 |     JUCE_COMPILER_WARNING ("TODO: USERFORMAT");
Build macOS	Build	2026-02-21T16:20:37.2822880Z       |     ^
Build macOS	Build	2026-02-21T16:20:37.2823570Z /Users/yoto/Music/JUCE/actions-runner/_work/sonobus/sonobus/deps/juce/modules/juce_core/system/juce_PlatformDefs.h:272:42: note: expanded from macro 'JUCE_COMPILER_WARNING'
Build macOS	Build	2026-02-21T16:20:37.2824290Z   272 |  #define JUCE_COMPILER_WARNING(message)  _Pragma(JUCE_STRINGIFY (JUCE_WARNING_HELPER (message)))
Build macOS	Build	2026-02-21T16:20:37.2824640Z       |                                          ^
Build macOS	Build	2026-02-21T16:20:37.2824820Z <scratch space>:11:2: note: expanded from here
Build macOS	Build	2026-02-21T16:20:37.2825040Z    11 |  message("\"TODO: USERFORMAT\"")
Build macOS	Build	2026-02-21T16:20:37.2825190Z       |  ^
Build macOS	Build	2026-02-21T16:20:39.6431150Z [ 87%] Building CXX object CMakeFiles/SonoBus.dir/deps/juce/modules/juce_gui_basics/juce_gui_basics.mm.o
Build macOS	Build	2026-02-21T16:20:39.9223850Z 6 warnings generated.
Build macOS	Build	2026-02-21T16:20:39.9630920Z [ 89%] Building CXX object CMakeFiles/SonoBus.dir/deps/juce/modules/juce_graphics/juce_graphics.mm.o
Build macOS	Build	2026-02-21T16:20:41.1380520Z In file included from /Users/yoto/Music/JUCE/actions-runner/_work/sonobus/sonobus/deps/juce/modules/juce_gui_basics/juce_gui_basics.mm:26:
Build macOS	Build	2026-02-21T16:20:41.1383920Z In file included from /Users/yoto/Music/JUCE/actions-runner/_work/sonobus/sonobus/deps/juce/modules/juce_gui_basics/juce_gui_basics.cpp:175:
Build macOS	Build	2026-02-21T16:20:41.1384610Z /Users/yoto/Music/JUCE/actions-runner/_work/sonobus/sonobus/deps/juce/modules/juce_gui_basics/buttons/juce_Button.cpp:466:20: warning: 'isScrollOnDragEnabled' is deprecated: Use getScrollOnDragMode instead. [-Wdeprecated-declarations]
Build macOS	Build	2026-02-21T16:20:41.1385350Z   466 |         return vp->isScrollOnDragEnabled() && (vp->canScrollVertically() || vp->canScrollHorizontally());
Build macOS	Build	2026-02-21T16:20:41.1385690Z       |                    ^
Build macOS	Build	2026-02-21T16:20:41.1386770Z /Users/yoto/Music/JUCE/actions-runner/_work/sonobus/sonobus/deps/juce/modules/juce_gui_basics/layout/juce_Viewport.h:287:7: note: 'isScrollOnDragEnabled' has been explicitly marked deprecated here
Build macOS	Build	2026-02-21T16:20:41.1387410Z   287 |     [[deprecated ("Use getScrollOnDragMode instead.")]]
Build macOS	Build	2026-02-21T16:20:41.1387630Z       |       ^
Build macOS	Build	2026-02-21T16:20:41.2050370Z In file included from /Users/yoto/Music/JUCE/actions-runner/_work/sonobus/sonobus/deps/juce/modules/juce_gui_basics/juce_gui_basics.mm:26:
Build macOS	Build	2026-02-21T16:20:41.2055710Z In file included from /Users/yoto/Music/JUCE/actions-runner/_work/sonobus/sonobus/deps/juce/modules/juce_gui_basics/juce_gui_basics.cpp:196:
Build macOS	Build	2026-02-21T16:20:41.2056520Z /Users/yoto/Music/JUCE/actions-runner/_work/sonobus/sonobus/deps/juce/modules/juce_gui_basics/filebrowser/juce_FileListComponent.cpp:133:24: warning: 'isScrollOnDragEnabled' is deprecated: Use getScrollOnDragMode instead. [-Wdeprecated-declarations]
Build macOS	Build	2026-02-21T16:20:41.2057290Z   133 |             return vp->isScrollOnDragEnabled() && (vp->canScrollVertically() || vp->canScrollHorizontally());
Build macOS	Build	2026-02-21T16:20:41.2057640Z       |                        ^
Build macOS	Build	2026-02-21T16:20:41.2058120Z /Users/yoto/Music/JUCE/actions-runner/_work/sonobus/sonobus/deps/juce/modules/juce_gui_basics/layout/juce_Viewport.h:287:7: note: 'isScrollOnDragEnabled' has been explicitly marked deprecated here
Build macOS	Build	2026-02-21T16:20:41.2058710Z   287 |     [[deprecated ("Use getScrollOnDragMode instead.")]]
Build macOS	Build	2026-02-21T16:20:41.2058880Z       |       ^
Build macOS	Build	2026-02-21T16:20:41.5268800Z In file included from /Users/yoto/Music/JUCE/actions-runner/_work/sonobus/sonobus/deps/juce/modules/juce_gui_basics/juce_gui_basics.mm:26:
Build macOS	Build	2026-02-21T16:20:41.5269480Z In file included from /Users/yoto/Music/JUCE/actions-runner/_work/sonobus/sonobus/deps/juce/modules/juce_gui_basics/juce_gui_basics.cpp:251:
Build macOS	Build	2026-02-21T16:20:41.5270240Z /Users/yoto/Music/JUCE/actions-runner/_work/sonobus/sonobus/deps/juce/modules/juce_gui_basics/widgets/juce_TableListBox.cpp:175:24: warning: 'isScrollOnDragEnabled' is deprecated: Use getScrollOnDragMode instead. [-Wdeprecated-declarations]
Build macOS	Build	2026-02-21T16:20:41.5270960Z   175 |             return vp->isScrollOnDragEnabled() && (vp->canScrollVertically() || vp->canScrollHorizontally());
Build macOS	Build	2026-02-21T16:20:41.5271310Z       |                        ^
Build macOS	Build	2026-02-21T16:20:41.5271810Z /Users/yoto/Music/JUCE/actions-runner/_work/sonobus/sonobus/deps/juce/modules/juce_gui_basics/layout/juce_Viewport.h:287:7: note: 'isScrollOnDragEnabled' has been explicitly marked deprecated here
Build macOS	Build	2026-02-21T16:20:41.5272320Z   287 |     [[deprecated ("Use getScrollOnDragMode instead.")]]
Build macOS	Build	2026-02-21T16:20:41.5272490Z       |       ^
Build macOS	Build	2026-02-21T16:20:41.5873520Z In file included from /Users/yoto/Music/JUCE/actions-runner/_work/sonobus/sonobus/deps/juce/modules/juce_gui_basics/juce_gui_basics.mm:26:
Build macOS	Build	2026-02-21T16:20:41.5874080Z In file included from /Users/yoto/Music/JUCE/actions-runner/_work/sonobus/sonobus/deps/juce/modules/juce_gui_basics/juce_gui_basics.cpp:256:
Build macOS	Build	2026-02-21T16:20:41.5874750Z /Users/yoto/Music/JUCE/actions-runner/_work/sonobus/sonobus/deps/juce/modules/juce_gui_basics/widgets/juce_TreeView.cpp:286:24: warning: 'isScrollOnDragEnabled' is deprecated: Use getScrollOnDragMode instead. [-Wdeprecated-declarations]
Build macOS	Build	2026-02-21T16:20:41.5875430Z   286 |             return vp->isScrollOnDragEnabled() && (vp->canScrollVertically() || vp->canScrollHorizontally());
Build macOS	Build	2026-02-21T16:20:41.5877150Z       |                        ^
Build macOS	Build	2026-02-21T16:20:41.5877610Z /Users/yoto/Music/JUCE/actions-runner/_work/sonobus/sonobus/deps/juce/modules/juce_gui_basics/layout/juce_Viewport.h:287:7: note: 'isScrollOnDragEnabled' has been explicitly marked deprecated here
Build macOS	Build	2026-02-21T16:20:41.5878170Z   287 |     [[deprecated ("Use getScrollOnDragMode instead.")]]
Build macOS	Build	2026-02-21T16:20:41.5878360Z       |       ^
Build macOS	Build	2026-02-21T16:20:42.6708490Z [ 89%] Building CXX object CMakeFiles/SonoBus.dir/deps/juce/modules/juce_events/juce_events.mm.o
Build macOS	Build	2026-02-21T16:20:44.6914200Z [ 89%] Building CXX object CMakeFiles/SonoBus.dir/deps/juce/modules/juce_core/juce_core.mm.o
Build macOS	Build	2026-02-21T16:20:45.2332930Z [ 89%] Building CXX object CMakeFiles/SonoBus.dir/deps/juce/modules/juce_data_structures/juce_data_structures.mm.o
Build macOS	Build	2026-02-21T16:20:46.8592660Z [ 91%] Building CXX object CMakeFiles/SonoBus.dir/deps/juce/modules/juce_audio_basics/juce_audio_basics.mm.o
Build macOS	Build	2026-02-21T16:20:51.7369680Z 4 warnings generated.
Build macOS	Build	2026-02-21T16:20:51.8297060Z [ 91%] Building CXX object CMakeFiles/SonoBus.dir/deps/juce/modules/juce_audio_formats/juce_audio_formats.mm.o
Build macOS	Build	2026-02-21T16:20:52.0497230Z [ 91%] Building CXX object CMakeFiles/SonoBus.dir/deps/juce/modules/juce_audio_devices/juce_audio_devices.mm.o
Build macOS	Build	2026-02-21T16:20:53.2673780Z In file included from /Users/yoto/Music/JUCE/actions-runner/_work/sonobus/sonobus/deps/juce/modules/juce_gui_basics/juce_gui_basics.mm:26:
Build macOS	Build	2026-02-21T16:20:53.2674610Z In file included from /Users/yoto/Music/JUCE/actions-runner/_work/sonobus/sonobus/deps/juce/modules/juce_gui_basics/juce_gui_basics.cpp:175:
Build macOS	Build	2026-02-21T16:20:53.2675450Z /Users/yoto/Music/JUCE/actions-runner/_work/sonobus/sonobus/deps/juce/modules/juce_gui_basics/buttons/juce_Button.cpp:466:20: warning: 'isScrollOnDragEnabled' is deprecated: Use getScrollOnDragMode instead. [-Wdeprecated-declarations]
Build macOS	Build	2026-02-21T16:20:53.2676200Z   466 |         return vp->isScrollOnDragEnabled() && (vp->canScrollVertically() || vp->canScrollHorizontally());
Build macOS	Build	2026-02-21T16:20:53.2676640Z       |                    ^
Build macOS	Build	2026-02-21T16:20:53.2677120Z /Users/yoto/Music/JUCE/actions-runner/_work/sonobus/sonobus/deps/juce/modules/juce_gui_basics/layout/juce_Viewport.h:287:7: note: 'isScrollOnDragEnabled' has been explicitly marked deprecated here
Build macOS	Build	2026-02-21T16:20:53.2677680Z   287 |     [[deprecated ("Use getScrollOnDragMode instead.")]]
Build macOS	Build	2026-02-21T16:20:53.2677920Z       |       ^
Build macOS	Build	2026-02-21T16:20:53.3405780Z In file included from /Users/yoto/Music/JUCE/actions-runner/_work/sonobus/sonobus/deps/juce/modules/juce_gui_basics/juce_gui_basics.mm:26:
Build macOS	Build	2026-02-21T16:20:53.3406640Z In file included from /Users/yoto/Music/JUCE/actions-runner/_work/sonobus/sonobus/deps/juce/modules/juce_gui_basics/juce_gui_basics.cpp:196:
Build macOS	Build	2026-02-21T16:20:53.3407440Z /Users/yoto/Music/JUCE/actions-runner/_work/sonobus/sonobus/deps/juce/modules/juce_gui_basics/filebrowser/juce_FileListComponent.cpp:133:24: warning: 'isScrollOnDragEnabled' is deprecated: Use getScrollOnDragMode instead. [-Wdeprecated-declarations]
Build macOS	Build	2026-02-21T16:20:53.3408350Z   133 |             return vp->isScrollOnDragEnabled() && (vp->canScrollVertically() || vp->canScrollHorizontally());
Build macOS	Build	2026-02-21T16:20:53.3408890Z       |                        ^
Build macOS	Build	2026-02-21T16:20:53.3409430Z /Users/yoto/Music/JUCE/actions-runner/_work/sonobus/sonobus/deps/juce/modules/juce_gui_basics/layout/juce_Viewport.h:287:7: note: 'isScrollOnDragEnabled' has been explicitly marked deprecated here
Build macOS	Build	2026-02-21T16:20:53.3409930Z   287 |     [[deprecated ("Use getScrollOnDragMode instead.")]]
Build macOS	Build	2026-02-21T16:20:53.3410170Z       |       ^
Build macOS	Build	2026-02-21T16:20:53.6605900Z In file included from /Users/yoto/Music/JUCE/actions-runner/_work/sonobus/sonobus/deps/juce/modules/juce_gui_basics/juce_gui_basics.mm:26:
Build macOS	Build	2026-02-21T16:20:53.6606470Z In file included from /Users/yoto/Music/JUCE/actions-runner/_work/sonobus/sonobus/deps/juce/modules/juce_gui_basics/juce_gui_basics.cpp:251:
Build macOS	Build	2026-02-21T16:20:53.6607790Z /Users/yoto/Music/JUCE/actions-runner/_work/sonobus/sonobus/deps/juce/modules/juce_gui_basics/widgets/juce_TableListBox.cpp:175:24: warning: 'isScrollOnDragEnabled' is deprecated: Use getScrollOnDragMode instead. [-Wdeprecated-declarations]
Build macOS	Build	2026-02-21T16:20:53.6608440Z   175 |             return vp->isScrollOnDragEnabled() && (vp->canScrollVertically() || vp->canScrollHorizontally());
Build macOS	Build	2026-02-21T16:20:53.6608760Z       |                        ^
Build macOS	Build	2026-02-21T16:20:53.6609220Z /Users/yoto/Music/JUCE/actions-runner/_work/sonobus/sonobus/deps/juce/modules/juce_gui_basics/layout/juce_Viewport.h:287:7: note: 'isScrollOnDragEnabled' has been explicitly marked deprecated here
Build macOS	Build	2026-02-21T16:20:53.6609700Z   287 |     [[deprecated ("Use getScrollOnDragMode instead.")]]
Build macOS	Build	2026-02-21T16:20:53.6609870Z       |       ^
Build macOS	Build	2026-02-21T16:20:53.7146470Z In file included from /Users/yoto/Music/JUCE/actions-runner/_work/sonobus/sonobus/deps/juce/modules/juce_gui_basics/juce_gui_basics.mm:26:
Build macOS	Build	2026-02-21T16:20:53.7147170Z In file included from /Users/yoto/Music/JUCE/actions-runner/_work/sonobus/sonobus/deps/juce/modules/juce_gui_basics/juce_gui_basics.cpp:256:
Build macOS	Build	2026-02-21T16:20:53.7148430Z /Users/yoto/Music/JUCE/actions-runner/_work/sonobus/sonobus/deps/juce/modules/juce_gui_basics/widgets/juce_TreeView.cpp:286:24: warning: 'isScrollOnDragEnabled' is deprecated: Use getScrollOnDragMode instead. [-Wdeprecated-declarations]
Build macOS	Build	2026-02-21T16:20:53.7149080Z   286 |             return vp->isScrollOnDragEnabled() && (vp->canScrollVertically() || vp->canScrollHorizontally());
Build macOS	Build	2026-02-21T16:20:53.7149400Z       |                        ^
Build macOS	Build	2026-02-21T16:20:53.7149810Z /Users/yoto/Music/JUCE/actions-runner/_work/sonobus/sonobus/deps/juce/modules/juce_gui_basics/layout/juce_Viewport.h:287:7: note: 'isScrollOnDragEnabled' has been explicitly marked deprecated here
Build macOS	Build	2026-02-21T16:20:53.7150280Z   287 |     [[deprecated ("Use getScrollOnDragMode instead.")]]
Build macOS	Build	2026-02-21T16:20:53.7150530Z       |       ^
Build macOS	Build	2026-02-21T16:20:56.0540980Z [ 91%] Building CXX object CMakeFiles/SonoBus.dir/deps/juce/modules/juce_dsp/juce_dsp.mm.o
Build macOS	Build	2026-02-21T16:20:56.3341690Z [ 93%] Building CXX object CMakeFiles/SonoBus.dir/deps/juce/modules/juce_cryptography/juce_cryptography.mm.o
Build macOS	Build	2026-02-21T16:20:57.3975960Z [ 93%] Building CXX object CMakeFiles/SonoBus.dir/deps/ff_meters/ff_meters.cpp.o
Build macOS	Build	2026-02-21T16:21:02.8165780Z 4 warnings generated.
Build macOS	Build	2026-02-21T16:21:02.9171420Z [ 93%] Linking CXX static library SonoBus_artefacts/Release/libSonoBus_SharedCode.a
Build macOS	Build	2026-02-21T16:21:03.8106570Z [ 93%] Built target SonoBus
Build macOS	Build	2026-02-21T16:21:03.8217490Z [ 93%] Generating SonoBus_artefacts/JuceLibraryCode/SonoBus_Standalone/PkgInfo
Build macOS	Build	2026-02-21T16:21:03.8941220Z [ 93%] Building CXX object CMakeFiles/SonoBus_Standalone.dir/deps/juce/modules/juce_audio_plugin_client/juce_audio_plugin_client_ARA.cpp.o
Build macOS	Build	2026-02-21T16:21:03.8941830Z [ 93%] Building CXX object CMakeFiles/SonoBus_Standalone.dir/deps/juce/modules/juce_audio_plugin_client/juce_audio_plugin_client_VST2.cpp.o
Build macOS	Build	2026-02-21T16:21:03.8942420Z [ 95%] Building CXX object CMakeFiles/SonoBus_Standalone.dir/deps/juce/modules/juce_audio_plugin_client/juce_audio_plugin_client_Standalone.cpp.o
Build macOS	Build	2026-02-21T16:21:03.8942960Z [ 95%] Building CXX object CMakeFiles/SonoBus_Standalone.dir/deps/juce/modules/juce_audio_plugin_client/juce_audio_plugin_client_Unity.cpp.o
Build macOS	Build	2026-02-21T16:21:03.9532860Z [ 95%] Building CXX object CMakeFiles/SonoBus_Standalone.dir/deps/juce/modules/juce_audio_plugin_client/juce_audio_plugin_client_AU_1.mm.o
Build macOS	Build	2026-02-21T16:21:03.9536010Z [ 95%] Building CXX object CMakeFiles/SonoBus_Standalone.dir/deps/juce/modules/juce_audio_plugin_client/juce_audio_plugin_client_VST3.cpp.o
Build macOS	Build	2026-02-21T16:21:03.9539040Z [ 97%] Building CXX object CMakeFiles/SonoBus_Standalone.dir/deps/juce/modules/juce_audio_plugin_client/juce_audio_plugin_client_AAX.mm.o
Build macOS	Build	2026-02-21T16:21:04.0136370Z [ 97%] Building CXX object CMakeFiles/SonoBus_Standalone.dir/deps/juce/modules/juce_audio_plugin_client/juce_audio_plugin_client_AU_2.mm.o
Build macOS	Build	2026-02-21T16:21:04.0137340Z [ 97%] Building CXX object CMakeFiles/SonoBus_Standalone.dir/deps/juce/modules/juce_audio_plugin_client/juce_audio_plugin_client_AUv3.mm.o
Build macOS	Build	2026-02-21T16:21:04.0138290Z [100%] Building CXX object CMakeFiles/SonoBus_Standalone.dir/deps/juce/modules/juce_audio_plugin_client/juce_audio_plugin_client_LV2.mm.o
Build macOS	Build	2026-02-21T16:21:04.0660470Z [100%] Building CXX object CMakeFiles/SonoBus_Standalone.dir/deps/juce/modules/juce_audio_plugin_client/juce_audio_plugin_client_VST_utils.mm.o
Build macOS	Build	2026-02-21T16:21:04.0697390Z Copying OS X content SonoBus_artefacts/Release/Standalone/SonoBus.app/Contents/Resources/Icon.icns
Build macOS	Build	2026-02-21T16:21:04.0698590Z Copying OS X content SonoBus_artefacts/Release/Standalone/SonoBus.app/Contents/Resources/RecentFilesMenuTemplate.nib
Build macOS	Build	2026-02-21T16:21:05.4742210Z [100%] Linking CXX executable SonoBus_artefacts/Release/Standalone/SonoBus.app/Contents/MacOS/SonoBus
Build macOS	Build	2026-02-21T16:21:50.5416550Z [100%] Built target SonoBus_Standalone
Build macOS	Upload Artifacts	﻿2026-02-21T16:21:50.5571100Z ##[group]Run actions/upload-artifact@v4
Build macOS	Upload Artifacts	2026-02-21T16:21:50.5571290Z with:
Build macOS	Upload Artifacts	2026-02-21T16:21:50.5571390Z   name: SonoBus-macOS
Build macOS	Upload Artifacts	2026-02-21T16:21:50.5571570Z   path: build/SonoBus_artefacts/Release/Standalone/SonoBus.app
Build macOS	Upload Artifacts	2026-02-21T16:21:50.5571750Z   if-no-files-found: warn
Build macOS	Upload Artifacts	2026-02-21T16:21:50.5571880Z   compression-level: 6
Build macOS	Upload Artifacts	2026-02-21T16:21:50.5572000Z   overwrite: false
Build macOS	Upload Artifacts	2026-02-21T16:21:50.5572140Z   include-hidden-files: false
Build macOS	Upload Artifacts	2026-02-21T16:21:50.5572270Z ##[endgroup]
Build macOS	Upload Artifacts	2026-02-21T16:21:50.7921350Z With the provided path, there will be 5 files uploaded
Build macOS	Upload Artifacts	2026-02-21T16:21:50.7921720Z Artifact name is valid!
Build macOS	Upload Artifacts	2026-02-21T16:21:50.7921850Z Root directory input is valid!
Build macOS	Upload Artifacts	2026-02-21T16:21:52.5217790Z Beginning upload of artifact content to blob storage
Build macOS	Upload Artifacts	2026-02-21T16:21:54.4957530Z Uploaded bytes 7609407
Build macOS	Upload Artifacts	2026-02-21T16:21:54.5960410Z Finished uploading artifact content to blob storage!
Build macOS	Upload Artifacts	2026-02-21T16:21:54.5964260Z SHA256 digest of uploaded artifact zip is 4783c850ada3d6c007616579d0954f91e3acbc70fbcd09832eb066f3ac1d55b0
Build macOS	Upload Artifacts	2026-02-21T16:21:54.5965960Z Finalizing artifact upload
Build macOS	Upload Artifacts	2026-02-21T16:21:54.7693570Z Artifact SonoBus-macOS.zip successfully finalized. Artifact ID 5602138541
Build macOS	Upload Artifacts	2026-02-21T16:21:54.7694740Z Artifact SonoBus-macOS has been successfully uploaded! Final size is 7609407 bytes. Artifact ID is 5602138541
Build macOS	Upload Artifacts	2026-02-21T16:21:54.7708100Z Artifact download URL: https://github.com/altarofwisdom/sonobus/actions/runs/22260058998/artifacts/5602138541
Build macOS	Post Checkout	﻿2026-02-21T16:21:54.8000980Z Post job cleanup.
Build macOS	Post Checkout	2026-02-21T16:21:54.8876640Z [command]/opt/homebrew/bin/git version
Build macOS	Post Checkout	2026-02-21T16:21:54.8972700Z git version 2.52.0
Build macOS	Post Checkout	2026-02-21T16:21:54.8992060Z Copying '/Users/yoto/.gitconfig' to '/Users/yoto/Music/JUCE/actions-runner/_work/_temp/974df681-a1d5-468b-83c2-162c7242edf1/.gitconfig'
Build macOS	Post Checkout	2026-02-21T16:21:54.8997790Z Temporarily overriding HOME='/Users/yoto/Music/JUCE/actions-runner/_work/_temp/974df681-a1d5-468b-83c2-162c7242edf1' before making global git config changes
Build macOS	Post Checkout	2026-02-21T16:21:54.8998290Z Adding repository directory to the temporary git global config as a safe directory
Build macOS	Post Checkout	2026-02-21T16:21:54.9005110Z [command]/opt/homebrew/bin/git config --global --add safe.directory /Users/yoto/Music/JUCE/actions-runner/_work/sonobus/sonobus
Build macOS	Post Checkout	2026-02-21T16:21:54.9118670Z [command]/opt/homebrew/bin/git config --local --name-only --get-regexp core\.sshCommand
Build macOS	Post Checkout	2026-02-21T16:21:54.9217860Z [command]/opt/homebrew/bin/git submodule foreach --recursive sh -c "git config --local --name-only --get-regexp 'core\.sshCommand' && git config --local --unset-all 'core.sshCommand' || :"
Build macOS	Post Checkout	2026-02-21T16:21:55.0271480Z [command]/opt/homebrew/bin/git config --local --name-only --get-regexp http\.https\:\/\/github\.com\/\.extraheader
Build macOS	Post Checkout	2026-02-21T16:21:55.0352490Z http.https://github.com/.extraheader
Build macOS	Post Checkout	2026-02-21T16:21:55.0362920Z [command]/opt/homebrew/bin/git config --local --unset-all http.https://github.com/.extraheader
Build macOS	Post Checkout	2026-02-21T16:21:55.0457360Z [command]/opt/homebrew/bin/git submodule foreach --recursive sh -c "git config --local --name-only --get-regexp 'http\.https\:\/\/github\.com\/\.extraheader' && git config --local --unset-all 'http.https://github.com/.extraheader' || :"
Build macOS	Post Checkout	2026-02-21T16:21:55.1398170Z [command]/opt/homebrew/bin/git config --local --name-only --get-regexp ^includeIf\.gitdir:
Build macOS	Post Checkout	2026-02-21T16:21:55.1496810Z [command]/opt/homebrew/bin/git submodule foreach --recursive git config --local --show-origin --name-only --get-regexp remote.origin.url
Build macOS	Complete job	﻿2026-02-21T16:21:55.2493830Z Cleaning up orphan processes
Build Windows	Set up job	﻿2026-02-21T16:17:35.2414286Z Current runner version: '2.331.0'
Build Windows	Set up job	2026-02-21T16:17:35.2464641Z Runner name: '1360P-W11'
Build Windows	Set up job	2026-02-21T16:17:35.2466028Z Runner group name: 'default'
Build Windows	Set up job	2026-02-21T16:17:35.2467312Z Machine name: '1360P-W11'
Build Windows	Set up job	2026-02-21T16:17:35.2479734Z ##[group]GITHUB_TOKEN Permissions
Build Windows	Set up job	2026-02-21T16:17:35.2492228Z Contents: read
Build Windows	Set up job	2026-02-21T16:17:35.2495623Z Metadata: read
Build Windows	Set up job	2026-02-21T16:17:35.2496581Z Packages: read
Build Windows	Set up job	2026-02-21T16:17:35.2497509Z ##[endgroup]
Build Windows	Set up job	2026-02-21T16:17:35.2511466Z Secret source: Actions
Build Windows	Set up job	2026-02-21T16:17:35.2516863Z Prepare workflow directory
Build Windows	Set up job	2026-02-21T16:17:35.4730789Z Prepare all required actions
Build Windows	Set up job	2026-02-21T16:17:35.4836294Z Getting action download info
Build Windows	Set up job	2026-02-21T16:19:15.5884357Z Failed to resolve action download info. Error: The HTTP request timed out after 00:01:40.
Build Windows	Set up job	2026-02-21T16:19:15.5922949Z Retrying in 21,035 seconds
Build Windows	Set up job	2026-02-21T16:19:38.2270453Z Download action repository 'actions/checkout@v4' (SHA:34e114876b0b11c390a56381ad16ebd13914f8d5)
Build Windows	Set up job	2026-02-21T16:19:39.4658702Z Download action repository 'actions/upload-artifact@v4' (SHA:ea165f8d65b6e75b540449e92b4886f43607fa02)
Build Windows	Set up job	2026-02-21T16:19:41.7083800Z Complete job name: Build Windows
Build Windows	Checkout	﻿2026-02-21T16:19:42.0267044Z ##[group]Run actions/checkout@v4
Build Windows	Checkout	2026-02-21T16:19:42.0269640Z with:
Build Windows	Checkout	2026-02-21T16:19:42.0270445Z   repository: altarofwisdom/sonobus
Build Windows	Checkout	2026-02-21T16:19:42.0274941Z   token: ***
Build Windows	Checkout	2026-02-21T16:19:42.0279928Z   ssh-strict: true
Build Windows	Checkout	2026-02-21T16:19:42.0281746Z   ssh-user: git
Build Windows	Checkout	2026-02-21T16:19:42.0282861Z   persist-credentials: true
Build Windows	Checkout	2026-02-21T16:19:42.0283708Z   clean: true
Build Windows	Checkout	2026-02-21T16:19:42.0284423Z   sparse-checkout-cone-mode: true
Build Windows	Checkout	2026-02-21T16:19:42.0285290Z   fetch-depth: 1
Build Windows	Checkout	2026-02-21T16:19:42.0286021Z   fetch-tags: false
Build Windows	Checkout	2026-02-21T16:19:42.0286724Z   show-progress: true
Build Windows	Checkout	2026-02-21T16:19:42.0287415Z   lfs: false
Build Windows	Checkout	2026-02-21T16:19:42.0288076Z   submodules: false
Build Windows	Checkout	2026-02-21T16:19:42.0288805Z   set-safe-directory: true
Build Windows	Checkout	2026-02-21T16:19:42.0290932Z ##[endgroup]
Build Windows	Checkout	2026-02-21T16:19:43.1005794Z Syncing repository: altarofwisdom/sonobus
Build Windows	Checkout	2026-02-21T16:19:43.1015838Z ##[group]Getting Git version info
Build Windows	Checkout	2026-02-21T16:19:43.1017869Z Working directory is 'C:\actions-runner\_work\sonobus\sonobus'
Build Windows	Checkout	2026-02-21T16:19:43.4932791Z [command]"C:\Program Files\Git\cmd\git.exe" version
Build Windows	Checkout	2026-02-21T16:19:43.5981637Z git version 2.51.0.windows.1
Build Windows	Checkout	2026-02-21T16:19:43.6218678Z ##[endgroup]
Build Windows	Checkout	2026-02-21T16:19:43.6276432Z Copying 'C:\Users\yoto\.gitconfig' to 'C:\actions-runner\_work\_temp\1dc2d32a-56a0-46ae-92cd-6f969cf57630\.gitconfig'
Build Windows	Checkout	2026-02-21T16:19:43.6373054Z Temporarily overriding HOME='C:\actions-runner\_work\_temp\1dc2d32a-56a0-46ae-92cd-6f969cf57630' before making global git config changes
Build Windows	Checkout	2026-02-21T16:19:43.6374813Z Adding repository directory to the temporary git global config as a safe directory
Build Windows	Checkout	2026-02-21T16:19:43.6419134Z [command]"C:\Program Files\Git\cmd\git.exe" config --global --add safe.directory C:\actions-runner\_work\sonobus\sonobus
Build Windows	Checkout	2026-02-21T16:19:43.7734971Z [command]"C:\Program Files\Git\cmd\git.exe" config --local --get remote.origin.url
Build Windows	Checkout	2026-02-21T16:19:43.8793751Z https://github.com/altarofwisdom/sonobus
Build Windows	Checkout	2026-02-21T16:19:43.9003624Z ##[group]Removing previously created refs, to avoid conflicts
Build Windows	Checkout	2026-02-21T16:19:43.9032491Z [command]"C:\Program Files\Git\cmd\git.exe" rev-parse --symbolic-full-name --verify --quiet HEAD
Build Windows	Checkout	2026-02-21T16:19:44.0151909Z refs/heads/aoofreshest
Build Windows	Checkout	2026-02-21T16:19:44.0327952Z [command]"C:\Program Files\Git\cmd\git.exe" checkout --detach
Build Windows	Checkout	2026-02-21T16:19:44.3428313Z HEAD is now at b8042ac fix: correct Rectangle scope across all platforms
Build Windows	Checkout	2026-02-21T16:19:44.5968975Z ##[endgroup]
Build Windows	Checkout	2026-02-21T16:19:44.6001667Z [command]"C:\Program Files\Git\cmd\git.exe" submodule status
Build Windows	Checkout	2026-02-21T16:19:46.6756458Z -6b6035ae4a29abbd237463d84a45fbeb0d92bc18 deps/aoo/deps/opus
Build Windows	Checkout	2026-02-21T16:19:46.7081916Z ##[group]Cleaning the repository
Build Windows	Checkout	2026-02-21T16:19:46.7104690Z [command]"C:\Program Files\Git\cmd\git.exe" clean -ffdx
Build Windows	Checkout	2026-02-21T16:19:47.9002936Z Removing build/
Build Windows	Checkout	2026-02-21T16:19:47.9215392Z [command]"C:\Program Files\Git\cmd\git.exe" reset --hard HEAD
Build Windows	Checkout	2026-02-21T16:19:49.4702822Z HEAD is now at b8042ac fix: correct Rectangle scope across all platforms
Build Windows	Checkout	2026-02-21T16:19:49.4883222Z ##[endgroup]
Build Windows	Checkout	2026-02-21T16:19:49.5262862Z ##[group]Disabling automatic garbage collection
Build Windows	Checkout	2026-02-21T16:19:49.5297888Z [command]"C:\Program Files\Git\cmd\git.exe" config --local gc.auto 0
Build Windows	Checkout	2026-02-21T16:19:49.6479312Z ##[endgroup]
Build Windows	Checkout	2026-02-21T16:19:49.6480042Z ##[group]Setting up auth
Build Windows	Checkout	2026-02-21T16:19:49.6533746Z [command]"C:\Program Files\Git\cmd\git.exe" config --local --name-only --get-regexp core\.sshCommand
Build Windows	Checkout	2026-02-21T16:19:49.7782119Z [command]"C:\Program Files\Git\cmd\git.exe" submodule foreach --recursive "sh -c \"git config --local --name-only --get-regexp 'core\.sshCommand' && git config --local --unset-all 'core.sshCommand' || :\""
Build Windows	Checkout	2026-02-21T16:19:51.9873759Z [command]"C:\Program Files\Git\cmd\git.exe" config --local --name-only --get-regexp http\.https\:\/\/github\.com\/\.extraheader
Build Windows	Checkout	2026-02-21T16:19:52.1239664Z [command]"C:\Program Files\Git\cmd\git.exe" submodule foreach --recursive "sh -c \"git config --local --name-only --get-regexp 'http\.https\:\/\/github\.com\/\.extraheader' && git config --local --unset-all 'http.https://github.com/.extraheader' || :\""
Build Windows	Checkout	2026-02-21T16:19:54.3207119Z [command]"C:\Program Files\Git\cmd\git.exe" config --local --name-only --get-regexp ^includeIf\.gitdir:
Build Windows	Checkout	2026-02-21T16:19:54.4378433Z [command]"C:\Program Files\Git\cmd\git.exe" submodule foreach --recursive "git config --local --show-origin --name-only --get-regexp remote.origin.url"
Build Windows	Checkout	2026-02-21T16:19:56.5810688Z [command]"C:\Program Files\Git\cmd\git.exe" config --local http.https://github.com/.extraheader "AUTHORIZATION: basic ***"
Build Windows	Checkout	2026-02-21T16:19:56.7320688Z ##[endgroup]
Build Windows	Checkout	2026-02-21T16:19:56.7322867Z ##[group]Fetching the repository
Build Windows	Checkout	2026-02-21T16:19:56.7373981Z [command]"C:\Program Files\Git\cmd\git.exe" -c protocol.version=2 fetch --no-tags --prune --no-recurse-submodules --depth=1 origin +3e3aa1f665f0e61e24f5bffcffca9ba5c7771f96:refs/remotes/origin/aoofreshest
Build Windows	Checkout	2026-02-21T16:19:58.8694769Z From https://github.com/altarofwisdom/sonobus
Build Windows	Checkout	2026-02-21T16:19:58.8697070Z  + b8042ac...3e3aa1f 3e3aa1f665f0e61e24f5bffcffca9ba5c7771f96 -> origin/aoofreshest  (forced update)
Build Windows	Checkout	2026-02-21T16:19:58.9535010Z ##[endgroup]
Build Windows	Checkout	2026-02-21T16:19:58.9538536Z ##[group]Determining the checkout info
Build Windows	Checkout	2026-02-21T16:19:58.9546711Z ##[endgroup]
Build Windows	Checkout	2026-02-21T16:19:58.9584008Z [command]"C:\Program Files\Git\cmd\git.exe" sparse-checkout disable
Build Windows	Checkout	2026-02-21T16:19:59.1434081Z [command]"C:\Program Files\Git\cmd\git.exe" config --local --unset-all extensions.worktreeConfig
Build Windows	Checkout	2026-02-21T16:19:59.2714848Z ##[group]Checking out the ref
Build Windows	Checkout	2026-02-21T16:19:59.2741038Z [command]"C:\Program Files\Git\cmd\git.exe" checkout --progress --force -B aoofreshest refs/remotes/origin/aoofreshest
Build Windows	Checkout	2026-02-21T16:19:59.6571618Z branch 'aoofreshest' set up to track 'origin/aoofreshest'.
Build Windows	Checkout	2026-02-21T16:19:59.6573996Z Your branch is up to date with 'origin/aoofreshest'.
Build Windows	Checkout	2026-02-21T16:19:59.6615289Z Previous HEAD position was b8042ac fix: correct Rectangle scope across all platforms
Build Windows	Checkout	2026-02-21T16:19:59.6616990Z Switched to and reset branch 'aoofreshest'
Build Windows	Checkout	2026-02-21T16:19:59.6796904Z ##[endgroup]
Build Windows	Checkout	2026-02-21T16:19:59.8270874Z [command]"C:\Program Files\Git\cmd\git.exe" log -1 --format=%H
Build Windows	Checkout	2026-02-21T16:19:59.9497917Z 3e3aa1f665f0e61e24f5bffcffca9ba5c7771f96
Build Windows	Checkout ASIO SDK	﻿2026-02-21T16:20:00.1235211Z ##[group]Run if (Test-Path ../asiosdk) { Remove-Item -Recurse -Force ../asiosdk }
Build Windows	Checkout ASIO SDK	2026-02-21T16:20:00.1237501Z [36;1mif (Test-Path ../asiosdk) { Remove-Item -Recurse -Force ../asiosdk }[0m
Build Windows	Checkout ASIO SDK	2026-02-21T16:20:00.1239338Z [36;1mgit clone --depth 1 https://github.com/audiosdk/asio.git ../asiosdk[0m
Build Windows	Checkout ASIO SDK	2026-02-21T16:20:00.1474811Z shell: C:\Program Files\PowerShell\7\pwsh.EXE -command ". '{0}'"
Build Windows	Checkout ASIO SDK	2026-02-21T16:20:00.1475740Z ##[endgroup]
Build Windows	Checkout ASIO SDK	2026-02-21T16:20:01.8632357Z Cloning into '../asiosdk'...
Build Windows	Configure CMake	﻿2026-02-21T16:20:03.6616586Z ##[group]Run if (Test-Path build) { Remove-Item -Recurse -Force build }
Build Windows	Configure CMake	2026-02-21T16:20:03.6622383Z [36;1mif (Test-Path build) { Remove-Item -Recurse -Force build }[0m
Build Windows	Configure CMake	2026-02-21T16:20:03.6624245Z [36;1mcmake -B build -G "Visual Studio 17 2022" -A x64 -DCMAKE_BUILD_TYPE=Release[0m
Build Windows	Configure CMake	2026-02-21T16:20:03.6789450Z shell: C:\Program Files\PowerShell\7\pwsh.EXE -command ". '{0}'"
Build Windows	Configure CMake	2026-02-21T16:20:03.6790323Z ##[endgroup]
Build Windows	Configure CMake	2026-02-21T16:20:04.9786078Z -- Selecting Windows SDK version 10.0.26100.0 to target Windows 10.0.26200.
Build Windows	Configure CMake	2026-02-21T16:20:09.5798273Z -- The C compiler identification is MSVC 19.33.31424.0
Build Windows	Configure CMake	2026-02-21T16:20:12.5736152Z -- The CXX compiler identification is MSVC 19.33.31424.0
Build Windows	Configure CMake	2026-02-21T16:20:12.7602627Z -- Detecting C compiler ABI info
Build Windows	Configure CMake	2026-02-21T16:20:16.2766849Z -- Detecting C compiler ABI info - done
Build Windows	Configure CMake	2026-02-21T16:20:16.6769877Z -- Check for working C compiler: C:/Program Files/Microsoft Visual Studio/2022/Preview/VC/Tools/MSVC/14.33.31424/bin/Hostx64/x64/cl.exe - skipped
Build Windows	Configure CMake	2026-02-21T16:20:16.6790673Z -- Detecting C compile features
Build Windows	Configure CMake	2026-02-21T16:20:16.6817686Z -- Detecting C compile features - done
Build Windows	Configure CMake	2026-02-21T16:20:16.7462053Z -- Detecting CXX compiler ABI info
Build Windows	Configure CMake	2026-02-21T16:20:20.2386326Z -- Detecting CXX compiler ABI info - done
Build Windows	Configure CMake	2026-02-21T16:20:20.6379175Z -- Check for working CXX compiler: C:/Program Files/Microsoft Visual Studio/2022/Preview/VC/Tools/MSVC/14.33.31424/bin/Hostx64/x64/cl.exe - skipped
Build Windows	Configure CMake	2026-02-21T16:20:20.6394870Z -- Detecting CXX compile features
Build Windows	Configure CMake	2026-02-21T16:20:20.6440853Z -- Detecting CXX compile features - done
Build Windows	Configure CMake	2026-02-21T16:20:20.6843739Z CMake Deprecation Warning at deps/aoo/CMakeLists.txt:1 (cmake_minimum_required):
Build Windows	Configure CMake	2026-02-21T16:20:20.6847462Z   Compatibility with CMake < 3.10 will be removed from a future version of
Build Windows	Configure CMake	2026-02-21T16:20:20.6849123Z -- Project: aoo
Build Windows	Configure CMake	2026-02-21T16:20:20.6850137Z   CMake.
Build Windows	Configure CMake	2026-02-21T16:20:20.6850936Z 
Build Windows	Configure CMake	2026-02-21T16:20:20.6853216Z   Update the VERSION argument <min> value.  Or, use the <min>...<max> syntax
Build Windows	Configure CMake	2026-02-21T16:20:20.6856282Z   to tell CMake that the project requires at least <min> but has been updated
Build Windows	Configure CMake	2026-02-21T16:20:20.6858485Z   to work with policies introduced by <max> or earlier.
Build Windows	Configure CMake	2026-02-21T16:20:20.6859836Z 
Build Windows	Configure CMake	2026-02-21T16:20:20.6859907Z 
Build Windows	Configure CMake	2026-02-21T16:20:20.7233308Z -- Opus library: opus
Build Windows	Configure CMake	2026-02-21T16:20:20.7235067Z -- 
Build Windows	Configure CMake	2026-02-21T16:20:20.7236293Z *** Global settings ***
Build Windows	Configure CMake	2026-02-21T16:20:20.7236928Z 
Build Windows	Configure CMake	2026-02-21T16:20:20.7237756Z -- CMAKE_CXX_COMPILER_ID: MSVC
Build Windows	Configure CMake	2026-02-21T16:20:20.7238985Z -- Build type: Release
Build Windows	Configure CMake	2026-02-21T16:20:20.7240361Z -- CMAKE_INSTALL_PREFIX: C:/Program Files/SonoBus
Build Windows	Configure CMake	2026-02-21T16:20:20.7242089Z -- Log level: Warning
Build Windows	Configure CMake	2026-02-21T16:20:20.7243019Z -- No built-in support for atomic doubles - will be emulated in software
Build Windows	Configure CMake	2026-02-21T16:20:20.7245985Z -- No built-in support for atomic 64-bit integers - will be emulated in software
Build Windows	Configure CMake	2026-02-21T16:20:20.7248207Z -- Use Opus codec: ON
Build Windows	Configure CMake	2026-02-21T16:20:20.7249120Z -- Use AOO NET: ON
Build Windows	Configure CMake	2026-02-21T16:20:20.7322966Z -- 
Build Windows	Configure CMake	2026-02-21T16:20:20.7323940Z *** AOO library ***
Build Windows	Configure CMake	2026-02-21T16:20:20.7324416Z 
Build Windows	Configure CMake	2026-02-21T16:20:20.7350043Z -- Use custom allocator: OFF
Build Windows	Configure CMake	2026-02-21T16:20:20.7351451Z -- Default UDP packet size: 512
Build Windows	Configure CMake	2026-02-21T16:20:20.7352455Z -- Max. UDP packet size: 4096
Build Windows	Configure CMake	2026-02-21T16:20:20.7353346Z -- Use dynamic resampling: OFF
Build Windows	Configure CMake	2026-02-21T16:20:20.7354349Z -- Default DLL filter bandwidth: 0.0001
Build Windows	Configure CMake	2026-02-21T16:20:20.7355310Z -- Use binary data message: ON
Build Windows	Configure CMake	2026-02-21T16:20:20.7417502Z -- 
Build Windows	Configure CMake	2026-02-21T16:20:20.7417911Z *** AOO server ***
Build Windows	Configure CMake	2026-02-21T16:20:20.7418290Z 
Build Windows	Configure CMake	2026-02-21T16:20:21.2624761Z -- Configuring juceaide
Build Windows	Configure CMake	2026-02-21T16:20:35.9027556Z -- Building juceaide
Build Windows	Configure CMake	2026-02-21T16:21:13.8069596Z -- Exporting juceaide
Build Windows	Configure CMake	2026-02-21T16:21:15.1823416Z CMake Warning (dev) at deps/juce/extras/Build/CMake/JUCEUtils.cmake:743 (add_custom_command):
Build Windows	Configure CMake	2026-02-21T16:21:15.1825756Z   The following keywords are not supported when using
Build Windows	Configure CMake	2026-02-21T16:21:15.1827658Z   add_custom_command(TARGET): DEPENDS.
Build Windows	Configure CMake	2026-02-21T16:21:15.1828228Z 
Build Windows	Configure CMake	2026-02-21T16:21:15.1837669Z   Policy CMP0175 is not set: add_custom_command() rejects invalid arguments.
Build Windows	Configure CMake	2026-02-21T16:21:15.1841391Z   Run "cmake --help-policy CMP0175" for policy details.  Use the cmake_policy
Build Windows	Configure CMake	2026-02-21T16:21:15.1843030Z   command to set the policy and suppress this warning.
Build Windows	Configure CMake	2026-02-21T16:21:15.1845841Z Call Stack (most recent call first):
Build Windows	Configure CMake	2026-02-21T16:21:15.1848397Z   deps/juce/extras/Build/CMake/JUCEUtils.cmake:882 (_juce_create_windows_package)
Build Windows	Configure CMake	2026-02-21T16:21:15.1851533Z   deps/juce/extras/Build/CMake/JUCEUtils.cmake:1088 (_juce_set_plugin_target_properties)
Build Windows	Configure CMake	2026-02-21T16:21:15.1854371Z   deps/juce/extras/Build/CMake/JUCEUtils.cmake:1226 (_juce_link_plugin_wrapper)
Build Windows	Configure CMake	2026-02-21T16:21:15.1857144Z   deps/juce/extras/Build/CMake/JUCEUtils.cmake:1767 (_juce_configure_plugin_targets)
Build Windows	Configure CMake	2026-02-21T16:21:15.1858898Z   CMakeLists.txt:172 (juce_add_plugin)
Build Windows	Configure CMake	2026-02-21T16:21:15.1860290Z   CMakeLists.txt:641 (sono_add_custom_plugin_target)
Build Windows	Configure CMake	2026-02-21T16:21:15.1861773Z This warning is for project developers.  Use -Wno-dev to suppress it.
Build Windows	Configure CMake	2026-02-21T16:21:15.1863217Z 
Build Windows	Configure CMake	2026-02-21T16:21:15.1864285Z -- Win generator platform is: x64
Build Windows	Configure CMake	2026-02-21T16:21:15.9551536Z CMake Warning (dev) at deps/juce/extras/Build/CMake/JUCEUtils.cmake:743 (add_custom_command):
Build Windows	Configure CMake	2026-02-21T16:21:15.9554678Z   The following keywords are not supported when using
Build Windows	Configure CMake	2026-02-21T16:21:15.9556039Z   add_custom_command(TARGET): DEPENDS.
Build Windows	Configure CMake	2026-02-21T16:21:15.9556646Z 
Build Windows	Configure CMake	2026-02-21T16:21:15.9557476Z   Policy CMP0175 is not set: add_custom_command() rejects invalid arguments.
Build Windows	Configure CMake	2026-02-21T16:21:15.9559266Z   Run "cmake --help-policy CMP0175" for policy details.  Use the cmake_policy
Build Windows	Configure CMake	2026-02-21T16:21:15.9561165Z   command to set the policy and suppress this warning.
Build Windows	Configure CMake	2026-02-21T16:21:15.9561822Z Call Stack (most recent call first):
Build Windows	Configure CMake	2026-02-21T16:21:15.9564028Z   deps/juce/extras/Build/CMake/JUCEUtils.cmake:882 (_juce_create_windows_package)
Build Windows	Configure CMake	2026-02-21T16:21:15.9566248Z   deps/juce/extras/Build/CMake/JUCEUtils.cmake:1088 (_juce_set_plugin_target_properties)
Build Windows	Configure CMake	2026-02-21T16:21:15.9568495Z   deps/juce/extras/Build/CMake/JUCEUtils.cmake:1226 (_juce_link_plugin_wrapper)
Build Windows	Configure CMake	2026-02-21T16:21:15.9570549Z   deps/juce/extras/Build/CMake/JUCEUtils.cmake:1767 (_juce_configure_plugin_targets)
Build Windows	Configure CMake	2026-02-21T16:21:15.9571983Z   CMakeLists.txt:172 (juce_add_plugin)
Build Windows	Configure CMake	2026-02-21T16:21:15.9573245Z   CMakeLists.txt:647 (sono_add_custom_plugin_target)
Build Windows	Configure CMake	2026-02-21T16:21:15.9575534Z This warning is for project developers.  Use -Wno-dev to suppress it.
Build Windows	Configure CMake	2026-02-21T16:21:15.9577247Z 
Build Windows	Configure CMake	2026-02-21T16:21:15.9577940Z -- Win generator platform is: x64
Build Windows	Configure CMake	2026-02-21T16:21:16.0859002Z -- Configuring done (71.2s)
Build Windows	Configure CMake	2026-02-21T16:21:20.9117701Z -- Generating done (4.8s)
Build Windows	Configure CMake	2026-02-21T16:21:21.0237349Z -- Build files have been written to: C:/actions-runner/_work/sonobus/sonobus/build
Build Windows	Post Checkout	﻿2026-02-21T16:23:24.5330087Z Post job cleanup.
Build Windows	Post Checkout	2026-02-21T16:23:25.4288609Z [command]"C:\Program Files\Git\cmd\git.exe" version
Build Windows	Post Checkout	2026-02-21T16:23:25.5481176Z git version 2.51.0.windows.1
Build Windows	Post Checkout	2026-02-21T16:23:25.5767751Z Copying 'C:\Users\yoto\.gitconfig' to 'C:\actions-runner\_work\_temp\be3d6fc3-efd7-4d17-b27b-d2888aa87cc4\.gitconfig'
Build Windows	Post Checkout	2026-02-21T16:23:25.5878054Z Temporarily overriding HOME='C:\actions-runner\_work\_temp\be3d6fc3-efd7-4d17-b27b-d2888aa87cc4' before making global git config changes
Build Windows	Post Checkout	2026-02-21T16:23:25.5883981Z Adding repository directory to the temporary git global config as a safe directory
Build Windows	Post Checkout	2026-02-21T16:23:25.5912635Z [command]"C:\Program Files\Git\cmd\git.exe" config --global --add safe.directory C:\actions-runner\_work\sonobus\sonobus
Build Windows	Post Checkout	2026-02-21T16:23:25.7309840Z [command]"C:\Program Files\Git\cmd\git.exe" config --local --name-only --get-regexp core\.sshCommand
Build Windows	Post Checkout	2026-02-21T16:23:25.8708470Z [command]"C:\Program Files\Git\cmd\git.exe" submodule foreach --recursive "sh -c \"git config --local --name-only --get-regexp 'core\.sshCommand' && git config --local --unset-all 'core.sshCommand' || :\""
Build Windows	Post Checkout	2026-02-21T16:23:28.0464267Z [command]"C:\Program Files\Git\cmd\git.exe" config --local --name-only --get-regexp http\.https\:\/\/github\.com\/\.extraheader
Build Windows	Post Checkout	2026-02-21T16:23:28.1718381Z http.https://github.com/.extraheader
Build Windows	Post Checkout	2026-02-21T16:23:28.1875690Z [command]"C:\Program Files\Git\cmd\git.exe" config --local --unset-all http.https://github.com/.extraheader
Build Windows	Post Checkout	2026-02-21T16:23:28.3251891Z [command]"C:\Program Files\Git\cmd\git.exe" submodule foreach --recursive "sh -c \"git config --local --name-only --get-regexp 'http\.https\:\/\/github\.com\/\.extraheader' && git config --local --unset-all 'http.https://github.com/.extraheader' || :\""
Build Windows	Post Checkout	2026-02-21T16:23:30.4919855Z [command]"C:\Program Files\Git\cmd\git.exe" config --local --name-only --get-regexp ^includeIf\.gitdir:
Build Windows	Post Checkout	2026-02-21T16:23:30.6260059Z [command]"C:\Program Files\Git\cmd\git.exe" submodule foreach --recursive "git config --local --show-origin --name-only --get-regexp remote.origin.url"
Build Windows	Complete job	﻿2026-02-21T16:23:32.8667736Z Cleaning up orphan processes
Build Windows	Complete job	2026-02-21T16:23:32.9303031Z Terminate orphan process: pid (60596) (vctip)
Build Windows	Complete job	2026-02-21T16:23:32.9516124Z Terminate orphan process: pid (51304) (mspdbsrv)
Build Windows	Complete job	2026-02-21T16:23:32.9664907Z Terminate orphan process: pid (23300) (MSBuild)
Build Windows	Complete job	2026-02-21T16:23:32.9831716Z Terminate orphan process: pid (30368) (MSBuild)
Build Windows	Complete job	2026-02-21T16:23:32.9979072Z Terminate orphan process: pid (72756) (conhost)
